"Message",Low,"Iniciando compilação do .NET Native"
"Message",Low,""
"Message",Low,""
"Message",Low,"Tarefa ""Gatekeeper"""
"Message",Normal,"Launching 'C:\Program Files (x86)\Microsoft SDKs\UWPNuGetPackages\microsoft.net.native.compiler\1.7.3\tools\x86\ilc\Tools\Gatekeeper.exe @""C:\Users\izaias\Desktop\ToktoTravel\ToktoTravel\ToktoTravel.UWP\obj\x86\Debug\ilc\intermediate\gkargs.rsp""'"
"Message",Low,"Microsoft (R) .NET Native Gatekeeper Vers�o 1.7.25927.00 "
"Message",Low,"Copyright (C) Microsoft Corporation.  All rights reserved. "
"Message",Low," "
"Message",Low,"Verificando o assembly 'C:\Users\izaias\Desktop\ToktoTravel\ToktoTravel\ToktoTravel.UWP\obj\x86\Debug\ilc\in\Newtonsoft.Json.dll'. "
"Message",Low,"Verificando o assembly 'C:\Users\izaias\Desktop\ToktoTravel\ToktoTravel\ToktoTravel.UWP\obj\x86\Debug\ilc\in\Plugin.Connectivity.Abstractions.dll'. "
"Message",Low,"Verificando o assembly 'C:\Users\izaias\Desktop\ToktoTravel\ToktoTravel\ToktoTravel.UWP\obj\x86\Debug\ilc\in\Plugin.Connectivity.dll'. "
"Message",Low,"Verificando o assembly 'C:\Users\izaias\Desktop\ToktoTravel\ToktoTravel\ToktoTravel.UWP\obj\x86\Debug\ilc\in\Plugin.ExternalMaps.Abstractions.dll'. "
"Message",Low,"Verificando o assembly 'C:\Users\izaias\Desktop\ToktoTravel\ToktoTravel\ToktoTravel.UWP\obj\x86\Debug\ilc\in\Plugin.ExternalMaps.dll'. "
"Message",Low,"Verificando o assembly 'C:\Users\izaias\Desktop\ToktoTravel\ToktoTravel\ToktoTravel.UWP\obj\x86\Debug\ilc\in\Plugin.Media.dll'. "
"Message",Low,"Verificando o assembly 'C:\Users\izaias\Desktop\ToktoTravel\ToktoTravel\ToktoTravel.UWP\obj\x86\Debug\ilc\in\Plugin.Permissions.dll'. "
"Message",Low,"Verificando o assembly 'C:\Users\izaias\Desktop\ToktoTravel\ToktoTravel\ToktoTravel.UWP\obj\x86\Debug\ilc\in\Toasts.Forms.Plugin.Abstractions.dll'. "
"Message",Low,"Verificando o assembly 'C:\Users\izaias\Desktop\ToktoTravel\ToktoTravel\ToktoTravel.UWP\obj\x86\Debug\ilc\in\Toasts.Forms.Plugin.UWP.dll'. "
"Message",Low,"Verificando o assembly 'C:\Users\izaias\Desktop\ToktoTravel\ToktoTravel\ToktoTravel.UWP\obj\x86\Debug\ilc\in\ToktoTravel.dll'. "
"Message",Low,"Verificando o assembly 'C:\Users\izaias\Desktop\ToktoTravel\ToktoTravel\ToktoTravel.UWP\obj\x86\Debug\ilc\in\ToktoTravel.UWP.exe'. "
"Message",Low,"Verificando o assembly 'C:\Users\izaias\Desktop\ToktoTravel\ToktoTravel\ToktoTravel.UWP\obj\x86\Debug\ilc\in\Xamarin.Forms.Core.dll'. "
"Message",Low,"Verificando o assembly 'C:\Users\izaias\Desktop\ToktoTravel\ToktoTravel\ToktoTravel.UWP\obj\x86\Debug\ilc\in\Xamarin.Forms.Platform.dll'. "
"Message",Low,"Verificando o assembly 'C:\Users\izaias\Desktop\ToktoTravel\ToktoTravel\ToktoTravel.UWP\obj\x86\Debug\ilc\in\Xamarin.Forms.Platform.UAP.dll'. "
"Message",Low,"Verificando o assembly 'C:\Users\izaias\Desktop\ToktoTravel\ToktoTravel\ToktoTravel.UWP\obj\x86\Debug\ilc\in\Xamarin.Forms.Xaml.dll'. "
"Message",Normal,"'C:\Program Files (x86)\Microsoft SDKs\UWPNuGetPackages\microsoft.net.native.compiler\1.7.3\tools\x86\ilc\Tools\Gatekeeper.exe @""C:\Users\izaias\Desktop\ToktoTravel\ToktoTravel\ToktoTravel.UWP\obj\x86\Debug\ilc\intermediate\gkargs.rsp""' completed."
"Message",Normal,"Process execution statistics (all times in milliseconds)"
"Message",Normal,"-----------------------------------------------------------------------------"
"Message",Normal,"launch  |  start   |   stop   |   end    | duration | lifetime | [slot] name"
"Message",Normal,"-----------------------------------------------------------------------------"
"Message",Normal,"       0 |       46 |      453 |      453 |      407 |      453 | [0] Gatekeeper"
"Message",Normal,"Number of commands:      1"
"Message",Normal,"Total system time:       453 ms"
"Message",Normal,"System time per command: 453 ms"
"Message",Normal,"Total duration:          407 ms"
"Message",Normal,"Total lifetime:          453 ms"
"Message",Normal,"Requested DOP:           4"
"Message",Normal,"Duration DOP:            0,9"
"Message",Normal,"Lifetime DOP:            1,0"
"Message",Low,"Concluída a execução da tarefa ""Gatekeeper""."
"Message",Low,"Destino de compilação pronto ""RunGatekeeper"" no arquivo ""Preparation""."
"Message",Low,""
"Message",Low,"Tarefa ""InjectWindowsRuntimeTypeForwards"""
"Message",Normal,"Running 'InjectWindowsRuntimeTypeForwards' transform, heap at 9 MB."
"Message",Normal,"Running 'WriteAssemblies' transform, heap at 14 MB."
"Message",Normal,""
"Message",Normal,"Transform summary"
"Message",Normal,"    ms | heap delta | name"
"Message",Normal,"   333 |          5 | InjectWindowsRuntimeTypeForwards"
"Message",Normal,"   310 |          1 | WriteAssemblies"
"Message",Low,"Concluída a execução da tarefa ""InjectWindowsRuntimeTypeForwards""."
"Message",Low,"Destino de compilação pronto ""InjectWindowRuntimeTypeForwards"" no arquivo ""Preparation""."
"Message",Low,""
"Message",Low,"Tarefa ""PreResolveAssemblyClosure"""
"Message",Low,"Concluída a execução da tarefa ""PreResolveAssemblyClosure""."
"Message",Low,"Tarefa ""PreResolveTransforms"""
"Message",Normal,"Running 'ResolveSelfReferences' transform, heap at 15 MB."
"Message",Normal,"Running 'RemoveDuplicateMembers' transform, heap at 68 MB."
"Message",Normal,"Running 'PortableLib' transform, heap at 68 MB."
"Message",Normal,"Running 'WriteAssemblies' transform, heap at 117 MB."
"Message",Normal,""
"Message",Normal,"Transform summary"
"Message",Normal,"    ms | heap delta | name"
"Message",Normal,"   776 |         53 | ResolveSelfReferences"
"Message",Normal,"   698 |        -43 | WriteAssemblies"
"Message",Normal,"   602 |         49 | PortableLib"
"Message",Normal,"     0 |          0 | RemoveDuplicateMembers"
"Message",Low,"Concluída a execução da tarefa ""PreResolveTransforms""."
"Message",Low,"Destino de compilação pronto ""PreResolveTransforms"" no arquivo ""Preparation""."
"Message",Low,""
"Message",Low,"Tarefa ""InitialAssemblyClosure"""
"Message",Low,"Concluída a execução da tarefa ""InitialAssemblyClosure""."
"Message",Low,"Tarefa ""ResolveInitialReferencesAssemblyClosure1"""
"Message",Low,"Concluída a execução da tarefa ""ResolveInitialReferencesAssemblyClosure1""."
"Message",Low,"Tarefa ""ResolveInitialReferencesAssemblyClosure2"""
"Message",Low,"Concluída a execução da tarefa ""ResolveInitialReferencesAssemblyClosure2""."
"Message",Low,"Destino de compilação pronto ""ResolveInitialReferences"" no arquivo ""Preparation""."
"Message",Low,"Projeto de compilação pronto ""Preparation""."
"Message",Low,""
"Message",Low,""
"Message",High,"Processando o código do aplicativo"
"Message",Low,"Tarefa ""ValidateSimpleNames"""
"Message",Low,"Concluída a execução da tarefa ""ValidateSimpleNames""."
"Message",Low,"Tarefa ""McgContractsResolveFilePath"""
"Message",Low,"Concluída a execução da tarefa ""McgContractsResolveFilePath""."
"Message",Low,"Tarefa ""McgFacadeResolveFilePath"""
"Message",Low,"Concluída a execução da tarefa ""McgFacadeResolveFilePath""."
"Message",Low,"Tarefa ""FinalAssemblyClosureRootsResolveFilePaths"""
"Message",Low,"Concluída a execução da tarefa ""FinalAssemblyClosureRootsResolveFilePaths""."
"Message",Low,"Tarefa ""FinalAssemblyClosure"""
"Message",Low,"Concluída a execução da tarefa ""FinalAssemblyClosure""."
"Message",Low,"Tarefa ""RunILTransforms"""
"Message",Normal,"Running 'Analysis' transform, heap at 85 MB."
"Message",Low,"Loading 103 modules..."
"Message",Normal,"Imported reflection directives from 21 files:"
"Message",Normal,"C:\Users\izaias\Desktop\ToktoTravel\ToktoTravel\ToktoTravel.UWP\obj\x86\Debug\ilc\in\Properties\Default.rd.xml"
"Message",Normal,"Manifesto incorporado no System.Diagnostics.Tracing:Resources.System.Diagnostics.Tracing.rd.xml"
"Message",Normal,"Manifesto incorporado no System.Private.Reflection:System.Private.Reflection.rd.xml"
"Message",Normal,"Manifesto incorporado no System.Private.CoreLib:Resources.System.Private.CoreLib.rd.xml"
"Message",Normal,"Manifesto incorporado no System.Private.Uri:Resources.System.Private.Uri.rd.xml"
"Message",Normal,"Manifesto incorporado no System.Private.Reflection.Core:System.Private.Reflection.Core.rd.xml"
"Message",Normal,"Manifesto incorporado no System.Linq.Expressions:Resources.System.Linq.Expressions.rd.xml"
"Message",Normal,"Manifesto incorporado no System.Xml.ReaderWriter:System.Xml.Resources.System.Xml.ReaderWriter.rd.xml"
"Message",Normal,"Manifesto incorporado no System.Private.PortableThunks:Resources.System.Private.PortableThunks.rd.xml"
"Message",Normal,"Manifesto incorporado no System.Dynamic.Runtime:Resources.System.Dynamic.Runtime.rd.xml"
"Message",Normal,"Manifesto incorporado no System.Private.DataContractSerialization:System.Private.DataContractSerialization.Resources.System.Private.DataContractSerialization.rd.xml"
"Message",Normal,"Manifesto incorporado no System.Runtime.Serialization.Primitives:System.Runtime.Serialization.Primitives.Resources.System.Runtime.Serialization.Primitives.rd.xml"
"Message",Normal,"Manifesto incorporado no System.Xml.XDocument:System.Xml.Resources.System.Xml.XDocument.rd.xml"
"Message",Normal,"Manifesto incorporado no Microsoft.CSharp:Microsoft.CSharp.Resources.Microsoft.CSharp.rd.xml"
"Message",Normal,"Manifesto incorporado no System.Xml.XmlSerializer:System.Xml.XmlSerializer.Resources.System.Xml.XmlSerializer.rd.xml"
"Message",Normal,"Manifesto incorporado no System.Private.Interop:Resources.System.Private.Interop.rd.xml"
"Message",Normal,"Manifesto incorporado no Plugin.Connectivity:Plugin.Connectivity.Properties.Plugin.Connectivity.rd.xml"
"Message",Normal,"Manifesto incorporado no Plugin.ExternalMaps:Plugin.ExternalMaps.Properties.Plugin.ExternalMaps.rd.xml"
"Message",Normal,"Manifesto incorporado no Toasts.Forms.Plugin.UWP:Toasts.Forms.Plugin.UWP.Properties.Toasts.Forms.Plugin.UWP.rd.xml"
"Message",Normal,"Manifesto incorporado no Xamarin.Forms.Platform.UAP:Xamarin.Forms.Platform.UAP.Properties.Xamarin.Forms.Platform.UAP.rd.xml"
"Message",Normal,"Newtonsoft.Json"
"Message",Normal,"Imported XAML Roots from 2 files:"
"Message",Normal,"C:\Users\izaias\Desktop\ToktoTravel\ToktoTravel\ToktoTravel.UWP\obj\x86\Debug\ilc\in\ToktoTravel.UWP.xr.xml"
"Message",Normal,"C:\Users\izaias\Desktop\ToktoTravel\ToktoTravel\ToktoTravel.UWP\obj\x86\Debug\ilc\in\Xamarin.Forms.Platform.UAP\Xamarin.Forms.Platform.UAP.xr.xml"
"Message",Normal,"Running 'Mcg' transform, heap at 282 MB."
"Message",High,"Computing application closure and generating interop code"
"Message",Normal,"  Lista de arquivos .lib:"
"Message",Normal,"      WindowsApp.lib"
"Message",Normal,"      winsqlite3.lib"
"Message",Normal,"  Lista de caminhos de pesquisa de .lib:"
"Message",Normal,"      E:\Windows Kits\10\lib\10.0.16299.0\um\x86"
"Message",Normal,"  Carregando exportações de libs..."
"Message",Normal,"      3117 exportações lidas por meio de 'E:\Windows Kits\10\lib\10.0.16299.0\um\x86\WindowsApp.lib'."
"Message",Normal,"      238 exportações lidas por meio de 'E:\Windows Kits\10\lib\10.0.16299.0\um\x86\winsqlite3.lib'."
"Message",High,"  Carregando 103 módulos..."
"Message",Normal,"          P/Invoke 'RhWaitForPendingFinalizers' with [DllImport(ExactSpelling=true)] resolved to '[MRT]!RhWaitForPendingFinalizers'."
"Message",Normal,"          P/Invoke 'RhYield' with [DllImport(ExactSpelling=true)] resolved to '[MRT]!RhYield'."
"Message",Normal,"          P/Invoke 'RhCompatibleReentrantWaitAny' with [DllImport(ExactSpelling=true)] resolved to '[MRT]!RhCompatibleReentrantWaitAny'."
"Message",Normal,"          P/Invoke '_ecvt_s' with [DllImport(ExactSpelling=true)] resolved to '[MRT]!_ecvt_s'."
"Message",Normal,"          P/Invoke 'memmove' with [DllImport(ExactSpelling=true)] resolved to '[MRT]!memmove'."
"Message",Normal,"          P/Invoke 'CallingConventionConverter_GetStubs' with [DllImport(ExactSpelling=true)] resolved to '*!CallingConventionConverter_GetStubs'."
"Message",Normal,"          P/Invoke 'GetLastError' resolved to 'api-ms-win-core-errorhandling-l1-1-0.dll!GetLastError' from 'E:\Windows Kits\10\lib\10.0.16299.0\um\x86\WindowsApp.lib'."
"Message",Normal,"          P/Invoke 'RoInitialize' resolved to 'api-ms-win-core-winrt-l1-1-0.dll!RoInitialize' from 'E:\Windows Kits\10\lib\10.0.16299.0\um\x86\WindowsApp.lib'."
"Message",Normal,"          P/Invoke 'IsValidLocaleName' resolved to 'api-ms-win-core-localization-l1-2-0.dll!IsValidLocaleName' from 'E:\Windows Kits\10\lib\10.0.16299.0\um\x86\WindowsApp.lib'."
"Message",Normal,"          P/Invoke 'ResolveLocaleName' resolved to 'api-ms-win-core-localization-l1-2-0.dll!ResolveLocaleName' from 'E:\Windows Kits\10\lib\10.0.16299.0\um\x86\WindowsApp.lib'."
"Message",Normal,"          P/Invoke 'GetCPInfoExW' resolved to 'api-ms-win-core-localization-l1-2-0.dll!GetCPInfoExW' from 'E:\Windows Kits\10\lib\10.0.16299.0\um\x86\WindowsApp.lib'."
"Message",Normal,"          P/Invoke 'RoGetBufferMarshaler' resolved to 'api-ms-win-core-winrt-robuffer-l1-1-0.dll!RoGetBufferMarshaler' from 'E:\Windows Kits\10\lib\10.0.16299.0\um\x86\WindowsApp.lib'."
"Message",Normal,"          P/Invoke 'CoCreateInstance' with [DllImport(ExactSpelling=true)] resolved to 'api-ms-win-core-com-l1-1-0.dll!CoCreateInstance'."
"Message",Normal,"          P/Invoke '#6' resolved to 'oleaut32.dll!#6' from 'E:\Windows Kits\10\lib\10.0.16299.0\um\x86\WindowsApp.lib'."
"Message",Normal,"          P/Invoke 'RtlIpv6AddressToStringExW' resolved to 'ntdll.dll!RtlIpv6AddressToStringExW' from 'E:\Windows Kits\10\lib\10.0.16299.0\um\x86\WindowsApp.lib'."
"Message",Normal,"          P/Invoke 'RtlIpv4AddressToStringExW' resolved to 'ntdll.dll!RtlIpv4AddressToStringExW' from 'E:\Windows Kits\10\lib\10.0.16299.0\um\x86\WindowsApp.lib'."
"Message",Normal,"          P/Invoke 'FormatMessageW' resolved to 'api-ms-win-core-localization-l1-2-0.dll!FormatMessageW' from 'E:\Windows Kits\10\lib\10.0.16299.0\um\x86\WindowsApp.lib'."
"Message",High,"  Gerando código..."
"Message",High,"  Código de interoperabilidade gerado."
"Message",Normal,"  Código gravado para AssemblyInfo.g.cs"
"Message",Normal,"  Código gravado para Adapters.g.cs"
"Message",Normal,"  Código gravado para Data.g.cs"
"Message",Normal,"  Código gravado para Helpers.g.cs"
"Message",Normal,"  Código gravado para ImplTypes.g.cs"
"Message",Normal,"  Código gravado para PInvoke.g.cs"
"Message",Normal,"  Código gravado para SafeTypes.g.cs"
"Message",Normal,"  Código gravado para SharedStubs.g.cs"
"Message",Normal,"Running 'GenerateCodeAndCompile' transform, heap at 318 MB."
"Message",High,"Generating serialization code"
"Message",High,"Compiling interop code"
"Message",Normal,"Compiling generated source code: C:\Program Files (x86)\Microsoft SDKs\UWPNuGetPackages\microsoft.net.native.compiler\1.7.3\tools\x86\ilc\csc\csc.exe /noconfig @""C:\Users\izaias\Desktop\ToktoTravel\ToktoTravel\ToktoTravel.UWP\obj\x86\Debug\ilc\intermediate\ToktoTravel.UWP.McgInterop.rsp"""
"Message",Normal,"O assembly 'Newtonsoft.Json.dll' foi encontrado em mais de uma pasta."
"Message",Normal,"file:///C:/Users/izaias/Desktop/ToktoTravel/ToktoTravel/ToktoTravel.UWP/obj/x86/Debug/ilc/intermediate/PreMergeILTransformed/Newtonsoft.Json.dll"
"Message",Normal,"C:\Users\izaias\Desktop\ToktoTravel\ToktoTravel\ToktoTravel.UWP\obj\x86\Debug\ilc\in\Newtonsoft.Json.dll"
"Message",Normal,"O tipo 'System.Net.Sockets.IPAddressExtensions' foi encontrado em mais de um assembly."
"Message",Normal,"file:///C:/Users/izaias/Desktop/ToktoTravel/ToktoTravel/ToktoTravel.UWP/obj/x86/Debug/ilc/in/System.Net.NameResolution.dll"
"Message",Normal,"file:///C:/Users/izaias/Desktop/ToktoTravel/ToktoTravel/ToktoTravel.UWP/obj/x86/Debug/ilc/in/System.Net.Sockets.dll"
"Message",Normal,"O assembly 'System.Runtime.WindowsRuntime.dll' foi encontrado em mais de uma pasta."
"Message",Normal,"file:///C:/Users/izaias/Desktop/ToktoTravel/ToktoTravel/ToktoTravel.UWP/obj/x86/Debug/ilc/intermediate/TransformedSRWR/System.Runtime.WindowsRuntime.dll"
"Message",Normal,"C:\Users\izaias\Desktop\ToktoTravel\ToktoTravel\ToktoTravel.UWP\obj\x86\Debug\ilc\in\System.Runtime.WindowsRuntime.dll"
"Message",Normal,"O assembly 'ToktoTravel.dll' foi encontrado em mais de uma pasta."
"Message",Normal,"file:///C:/Users/izaias/Desktop/ToktoTravel/ToktoTravel/ToktoTravel.UWP/obj/x86/Debug/ilc/intermediate/PreMergeILTransformed/ToktoTravel.dll"
"Message",Normal,"C:\Users\izaias\Desktop\ToktoTravel\ToktoTravel\ToktoTravel.UWP\obj\x86\Debug\ilc\in\ToktoTravel.dll"
"Message",Normal,"O assembly 'Xamarin.Forms.Core.dll' foi encontrado em mais de uma pasta."
"Message",Normal,"file:///C:/Users/izaias/Desktop/ToktoTravel/ToktoTravel/ToktoTravel.UWP/obj/x86/Debug/ilc/intermediate/PreMergeILTransformed/Xamarin.Forms.Core.dll"
"Message",Normal,"C:\Users\izaias\Desktop\ToktoTravel\ToktoTravel\ToktoTravel.UWP\obj\x86\Debug\ilc\in\Xamarin.Forms.Core.dll"
"Message",Normal,"O assembly 'Xamarin.Forms.Xaml.dll' foi encontrado em mais de uma pasta."
"Message",Normal,"file:///C:/Users/izaias/Desktop/ToktoTravel/ToktoTravel/ToktoTravel.UWP/obj/x86/Debug/ilc/intermediate/PreMergeILTransformed/Xamarin.Forms.Xaml.dll"
"Message",Normal,"C:\Users\izaias\Desktop\ToktoTravel\ToktoTravel\ToktoTravel.UWP\obj\x86\Debug\ilc\in\Xamarin.Forms.Xaml.dll"
"Message",Normal,"O assembly 'ToktoTravel.UWP.exe' foi encontrado em mais de uma pasta."
"Message",Normal,"file:///C:/Users/izaias/Desktop/ToktoTravel/ToktoTravel/ToktoTravel.UWP/obj/x86/Debug/ilc/intermediate/PreMergeILTransformed/ToktoTravel.UWP.exe"
"Message",Normal,"C:\Users\izaias\Desktop\ToktoTravel\ToktoTravel\ToktoTravel.UWP\obj\x86\Debug\ilc\in\ToktoTravel.UWP.exe"
"Message",Normal,"O assembly 'Microsoft.CSharp.dll' foi encontrado em mais de uma pasta."
"Message",Normal,"file:///C:/Users/izaias/Desktop/ToktoTravel/ToktoTravel/ToktoTravel.UWP/obj/x86/Debug/ilc/in/Microsoft.CSharp.dll"
"Message",Normal,"C:\Users\izaias\Desktop\ToktoTravel\ToktoTravel\ToktoTravel.UWP\obj\x86\Debug\ilc\in\Microsoft.CSharp.dll"
"Message",Normal,"O assembly 'Microsoft.VisualBasic.dll' foi encontrado em mais de uma pasta."
"Message",Normal,"file:///C:/Users/izaias/Desktop/ToktoTravel/ToktoTravel/ToktoTravel.UWP/obj/x86/Debug/ilc/in/Microsoft.VisualBasic.dll"
"Message",Normal,"C:\Users\izaias\Desktop\ToktoTravel\ToktoTravel\ToktoTravel.UWP\obj\x86\Debug\ilc\in\Microsoft.VisualBasic.dll"
"Message",Normal,"O assembly 'Microsoft.Win32.Primitives.dll' foi encontrado em mais de uma pasta."
"Message",Normal,"file:///C:/Users/izaias/Desktop/ToktoTravel/ToktoTravel/ToktoTravel.UWP/obj/x86/Debug/ilc/in/Microsoft.Win32.Primitives.dll"
"Message",Normal,"C:\Users\izaias\Desktop\ToktoTravel\ToktoTravel\ToktoTravel.UWP\obj\x86\Debug\ilc\in\Microsoft.Win32.Primitives.dll"
"Message",Normal,"O assembly 'mscorlib.dll' foi encontrado em mais de uma pasta."
"Message",Normal,"file:///C:/Users/izaias/Desktop/ToktoTravel/ToktoTravel/ToktoTravel.UWP/obj/x86/Debug/ilc/in/mscorlib.dll"
"Message",Normal,"C:\Users\izaias\Desktop\ToktoTravel\ToktoTravel\ToktoTravel.UWP\obj\x86\Debug\ilc\in\mscorlib.dll"
"Message",Normal,"O assembly 'Newtonsoft.Json.dll' foi encontrado em mais de uma pasta."
"Message",Normal,"file:///C:/Users/izaias/Desktop/ToktoTravel/ToktoTravel/ToktoTravel.UWP/obj/x86/Debug/ilc/intermediate/PreMergeILTransformed/Newtonsoft.Json.dll"
"Message",Normal,"C:\Users\izaias\Desktop\ToktoTravel\ToktoTravel\ToktoTravel.UWP\obj\x86\Debug\ilc\in\Newtonsoft.Json.dll"
"Message",Normal,"O assembly 'Plugin.Connectivity.Abstractions.dll' foi encontrado em mais de uma pasta."
"Message",Normal,"file:///C:/Users/izaias/Desktop/ToktoTravel/ToktoTravel/ToktoTravel.UWP/obj/x86/Debug/ilc/in/Plugin.Connectivity.Abstractions.dll"
"Message",Normal,"C:\Users\izaias\Desktop\ToktoTravel\ToktoTravel\ToktoTravel.UWP\obj\x86\Debug\ilc\in\Plugin.Connectivity.Abstractions.dll"
"Message",Normal,"O assembly 'Plugin.Connectivity.dll' foi encontrado em mais de uma pasta."
"Message",Normal,"file:///C:/Users/izaias/Desktop/ToktoTravel/ToktoTravel/ToktoTravel.UWP/obj/x86/Debug/ilc/in/Plugin.Connectivity.dll"
"Message",Normal,"C:\Users\izaias\Desktop\ToktoTravel\ToktoTravel\ToktoTravel.UWP\obj\x86\Debug\ilc\in\Plugin.Connectivity.dll"
"Message",Normal,"O assembly 'Plugin.ExternalMaps.Abstractions.dll' foi encontrado em mais de uma pasta."
"Message",Normal,"file:///C:/Users/izaias/Desktop/ToktoTravel/ToktoTravel/ToktoTravel.UWP/obj/x86/Debug/ilc/in/Plugin.ExternalMaps.Abstractions.dll"
"Message",Normal,"C:\Users\izaias\Desktop\ToktoTravel\ToktoTravel\ToktoTravel.UWP\obj\x86\Debug\ilc\in\Plugin.ExternalMaps.Abstractions.dll"
"Message",Normal,"O assembly 'Plugin.ExternalMaps.dll' foi encontrado em mais de uma pasta."
"Message",Normal,"file:///C:/Users/izaias/Desktop/ToktoTravel/ToktoTravel/ToktoTravel.UWP/obj/x86/Debug/ilc/in/Plugin.ExternalMaps.dll"
"Message",Normal,"C:\Users\izaias\Desktop\ToktoTravel\ToktoTravel\ToktoTravel.UWP\obj\x86\Debug\ilc\in\Plugin.ExternalMaps.dll"
"Message",Normal,"O assembly 'Plugin.Media.dll' foi encontrado em mais de uma pasta."
"Message",Normal,"file:///C:/Users/izaias/Desktop/ToktoTravel/ToktoTravel/ToktoTravel.UWP/obj/x86/Debug/ilc/in/Plugin.Media.dll"
"Message",Normal,"C:\Users\izaias\Desktop\ToktoTravel\ToktoTravel\ToktoTravel.UWP\obj\x86\Debug\ilc\in\Plugin.Media.dll"
"Message",Normal,"O assembly 'Plugin.Permissions.dll' foi encontrado em mais de uma pasta."
"Message",Normal,"file:///C:/Users/izaias/Desktop/ToktoTravel/ToktoTravel/ToktoTravel.UWP/obj/x86/Debug/ilc/in/Plugin.Permissions.dll"
"Message",Normal,"C:\Users\izaias\Desktop\ToktoTravel\ToktoTravel\ToktoTravel.UWP\obj\x86\Debug\ilc\in\Plugin.Permissions.dll"
"Message",Normal,"O assembly 'System.AppContext.dll' foi encontrado em mais de uma pasta."
"Message",Normal,"file:///C:/Users/izaias/Desktop/ToktoTravel/ToktoTravel/ToktoTravel.UWP/obj/x86/Debug/ilc/in/System.AppContext.dll"
"Message",Normal,"C:\Users\izaias\Desktop\ToktoTravel\ToktoTravel\ToktoTravel.UWP\obj\x86\Debug\ilc\in\System.AppContext.dll"
"Message",Normal,"O assembly 'System.Buffers.dll' foi encontrado em mais de uma pasta."
"Message",Normal,"file:///C:/Users/izaias/Desktop/ToktoTravel/ToktoTravel/ToktoTravel.UWP/obj/x86/Debug/ilc/in/System.Buffers.dll"
"Message",Normal,"C:\Users\izaias\Desktop\ToktoTravel\ToktoTravel\ToktoTravel.UWP\obj\x86\Debug\ilc\in\System.Buffers.dll"
"Message",Normal,"O assembly 'System.Collections.Concurrent.dll' foi encontrado em mais de uma pasta."
"Message",Normal,"file:///C:/Users/izaias/Desktop/ToktoTravel/ToktoTravel/ToktoTravel.UWP/obj/x86/Debug/ilc/in/System.Collections.Concurrent.dll"
"Message",Normal,"C:\Users\izaias\Desktop\ToktoTravel\ToktoTravel\ToktoTravel.UWP\obj\x86\Debug\ilc\in\System.Collections.Concurrent.dll"
"Message",Normal,"O assembly 'System.Collections.dll' foi encontrado em mais de uma pasta."
"Message",Normal,"file:///C:/Users/izaias/Desktop/ToktoTravel/ToktoTravel/ToktoTravel.UWP/obj/x86/Debug/ilc/in/System.Collections.dll"
"Message",Normal,"C:\Users\izaias\Desktop\ToktoTravel\ToktoTravel\ToktoTravel.UWP\obj\x86\Debug\ilc\in\System.Collections.dll"
"Message",Normal,"O assembly 'System.Collections.Immutable.dll' foi encontrado em mais de uma pasta."
"Message",Normal,"file:///C:/Users/izaias/Desktop/ToktoTravel/ToktoTravel/ToktoTravel.UWP/obj/x86/Debug/ilc/in/System.Collections.Immutable.dll"
"Message",Normal,"C:\Users\izaias\Desktop\ToktoTravel\ToktoTravel\ToktoTravel.UWP\obj\x86\Debug\ilc\in\System.Collections.Immutable.dll"
"Message",Normal,"O assembly 'System.Collections.NonGeneric.dll' foi encontrado em mais de uma pasta."
"Message",Normal,"file:///C:/Users/izaias/Desktop/ToktoTravel/ToktoTravel/ToktoTravel.UWP/obj/x86/Debug/ilc/in/System.Collections.NonGeneric.dll"
"Message",Normal,"C:\Users\izaias\Desktop\ToktoTravel\ToktoTravel\ToktoTravel.UWP\obj\x86\Debug\ilc\in\System.Collections.NonGeneric.dll"
"Message",Normal,"O assembly 'System.Collections.Specialized.dll' foi encontrado em mais de uma pasta."
"Message",Normal,"file:///C:/Users/izaias/Desktop/ToktoTravel/ToktoTravel/ToktoTravel.UWP/obj/x86/Debug/ilc/in/System.Collections.Specialized.dll"
"Message",Normal,"C:\Users\izaias\Desktop\ToktoTravel\ToktoTravel\ToktoTravel.UWP\obj\x86\Debug\ilc\in\System.Collections.Specialized.dll"
"Message",Normal,"O assembly 'System.ComponentModel.Annotations.dll' foi encontrado em mais de uma pasta."
"Message",Normal,"file:///C:/Users/izaias/Desktop/ToktoTravel/ToktoTravel/ToktoTravel.UWP/obj/x86/Debug/ilc/in/System.ComponentModel.Annotations.dll"
"Message",Normal,"C:\Users\izaias\Desktop\ToktoTravel\ToktoTravel\ToktoTravel.UWP\obj\x86\Debug\ilc\in\System.ComponentModel.Annotations.dll"
"Message",Normal,"O assembly 'System.ComponentModel.DataAnnotations.dll' foi encontrado em mais de uma pasta."
"Message",Normal,"file:///C:/Users/izaias/Desktop/ToktoTravel/ToktoTravel/ToktoTravel.UWP/obj/x86/Debug/ilc/in/System.ComponentModel.DataAnnotations.dll"
"Message",Normal,"C:\Users\izaias\Desktop\ToktoTravel\ToktoTravel\ToktoTravel.UWP\obj\x86\Debug\ilc\in\System.ComponentModel.DataAnnotations.dll"
"Message",Normal,"O assembly 'System.ComponentModel.dll' foi encontrado em mais de uma pasta."
"Message",Normal,"file:///C:/Users/izaias/Desktop/ToktoTravel/ToktoTravel/ToktoTravel.UWP/obj/x86/Debug/ilc/in/System.ComponentModel.dll"
"Message",Normal,"C:\Users\izaias\Desktop\ToktoTravel\ToktoTravel\ToktoTravel.UWP\obj\x86\Debug\ilc\in\System.ComponentModel.dll"
"Message",Normal,"O assembly 'System.ComponentModel.EventBasedAsync.dll' foi encontrado em mais de uma pasta."
"Message",Normal,"file:///C:/Users/izaias/Desktop/ToktoTravel/ToktoTravel/ToktoTravel.UWP/obj/x86/Debug/ilc/in/System.ComponentModel.EventBasedAsync.dll"
"Message",Normal,"C:\Users\izaias\Desktop\ToktoTravel\ToktoTravel\ToktoTravel.UWP\obj\x86\Debug\ilc\in\System.ComponentModel.EventBasedAsync.dll"
"Message",Normal,"O assembly 'System.ComponentModel.Primitives.dll' foi encontrado em mais de uma pasta."
"Message",Normal,"file:///C:/Users/izaias/Desktop/ToktoTravel/ToktoTravel/ToktoTravel.UWP/obj/x86/Debug/ilc/in/System.ComponentModel.Primitives.dll"
"Message",Normal,"C:\Users\izaias\Desktop\ToktoTravel\ToktoTravel\ToktoTravel.UWP\obj\x86\Debug\ilc\in\System.ComponentModel.Primitives.dll"
"Message",Normal,"O assembly 'System.ComponentModel.TypeConverter.dll' foi encontrado em mais de uma pasta."
"Message",Normal,"file:///C:/Users/izaias/Desktop/ToktoTravel/ToktoTravel/ToktoTravel.UWP/obj/x86/Debug/ilc/in/System.ComponentModel.TypeConverter.dll"
"Message",Normal,"C:\Users\izaias\Desktop\ToktoTravel\ToktoTravel\ToktoTravel.UWP\obj\x86\Debug\ilc\in\System.ComponentModel.TypeConverter.dll"
"Message",Normal,"O assembly 'System.Console.dll' foi encontrado em mais de uma pasta."
"Message",Normal,"file:///C:/Users/izaias/Desktop/ToktoTravel/ToktoTravel/ToktoTravel.UWP/obj/x86/Debug/ilc/in/System.Console.dll"
"Message",Normal,"C:\Users\izaias\Desktop\ToktoTravel\ToktoTravel\ToktoTravel.UWP\obj\x86\Debug\ilc\in\System.Console.dll"
"Message",Normal,"O assembly 'System.Core.dll' foi encontrado em mais de uma pasta."
"Message",Normal,"file:///C:/Users/izaias/Desktop/ToktoTravel/ToktoTravel/ToktoTravel.UWP/obj/x86/Debug/ilc/in/System.Core.dll"
"Message",Normal,"C:\Users\izaias\Desktop\ToktoTravel\ToktoTravel\ToktoTravel.UWP\obj\x86\Debug\ilc\in\System.Core.dll"
"Message",Normal,"O assembly 'System.Data.Common.dll' foi encontrado em mais de uma pasta."
"Message",Normal,"file:///C:/Users/izaias/Desktop/ToktoTravel/ToktoTravel/ToktoTravel.UWP/obj/x86/Debug/ilc/in/System.Data.Common.dll"
"Message",Normal,"C:\Users\izaias\Desktop\ToktoTravel\ToktoTravel\ToktoTravel.UWP\obj\x86\Debug\ilc\in\System.Data.Common.dll"
"Message",Normal,"O assembly 'System.Diagnostics.Contracts.dll' foi encontrado em mais de uma pasta."
"Message",Normal,"file:///C:/Users/izaias/Desktop/ToktoTravel/ToktoTravel/ToktoTravel.UWP/obj/x86/Debug/ilc/in/System.Diagnostics.Contracts.dll"
"Message",Normal,"C:\Users\izaias\Desktop\ToktoTravel\ToktoTravel\ToktoTravel.UWP\obj\x86\Debug\ilc\in\System.Diagnostics.Contracts.dll"
"Message",Normal,"O assembly 'System.Diagnostics.Debug.dll' foi encontrado em mais de uma pasta."
"Message",Normal,"file:///C:/Users/izaias/Desktop/ToktoTravel/ToktoTravel/ToktoTravel.UWP/obj/x86/Debug/ilc/in/System.Diagnostics.Debug.dll"
"Message",Normal,"C:\Users\izaias\Desktop\ToktoTravel\ToktoTravel\ToktoTravel.UWP\obj\x86\Debug\ilc\in\System.Diagnostics.Debug.dll"
"Message",Normal,"O assembly 'System.Diagnostics.DiagnosticSource.dll' foi encontrado em mais de uma pasta."
"Message",Normal,"file:///C:/Users/izaias/Desktop/ToktoTravel/ToktoTravel/ToktoTravel.UWP/obj/x86/Debug/ilc/in/System.Diagnostics.DiagnosticSource.dll"
"Message",Normal,"C:\Users\izaias\Desktop\ToktoTravel\ToktoTravel\ToktoTravel.UWP\obj\x86\Debug\ilc\in\System.Diagnostics.DiagnosticSource.dll"
"Message",Normal,"O assembly 'System.Diagnostics.StackTrace.dll' foi encontrado em mais de uma pasta."
"Message",Normal,"file:///C:/Users/izaias/Desktop/ToktoTravel/ToktoTravel/ToktoTravel.UWP/obj/x86/Debug/ilc/in/System.Diagnostics.StackTrace.dll"
"Message",Normal,"C:\Users\izaias\Desktop\ToktoTravel\ToktoTravel\ToktoTravel.UWP\obj\x86\Debug\ilc\in\System.Diagnostics.StackTrace.dll"
"Message",Normal,"O assembly 'System.Diagnostics.Tools.dll' foi encontrado em mais de uma pasta."
"Message",Normal,"file:///C:/Users/izaias/Desktop/ToktoTravel/ToktoTravel/ToktoTravel.UWP/obj/x86/Debug/ilc/in/System.Diagnostics.Tools.dll"
"Message",Normal,"C:\Users\izaias\Desktop\ToktoTravel\ToktoTravel\ToktoTravel.UWP\obj\x86\Debug\ilc\in\System.Diagnostics.Tools.dll"
"Message",Normal,"O assembly 'System.Diagnostics.Tracing.dll' foi encontrado em mais de uma pasta."
"Message",Normal,"file:///C:/Users/izaias/Desktop/ToktoTravel/ToktoTravel/ToktoTravel.UWP/obj/x86/Debug/ilc/in/System.Diagnostics.Tracing.dll"
"Message",Normal,"C:\Users\izaias\Desktop\ToktoTravel\ToktoTravel\ToktoTravel.UWP\obj\x86\Debug\ilc\in\System.Diagnostics.Tracing.dll"
"Message",Normal,"O assembly 'System.dll' foi encontrado em mais de uma pasta."
"Message",Normal,"file:///C:/Users/izaias/Desktop/ToktoTravel/ToktoTravel/ToktoTravel.UWP/obj/x86/Debug/ilc/in/System.dll"
"Message",Normal,"C:\Users\izaias\Desktop\ToktoTravel\ToktoTravel\ToktoTravel.UWP\obj\x86\Debug\ilc\in\System.dll"
"Message",Normal,"O assembly 'System.Dynamic.Runtime.dll' foi encontrado em mais de uma pasta."
"Message",Normal,"file:///C:/Users/izaias/Desktop/ToktoTravel/ToktoTravel/ToktoTravel.UWP/obj/x86/Debug/ilc/in/System.Dynamic.Runtime.dll"
"Message",Normal,"C:\Users\izaias\Desktop\ToktoTravel\ToktoTravel\ToktoTravel.UWP\obj\x86\Debug\ilc\in\System.Dynamic.Runtime.dll"
"Message",Normal,"O assembly 'System.Globalization.Calendars.dll' foi encontrado em mais de uma pasta."
"Message",Normal,"file:///C:/Users/izaias/Desktop/ToktoTravel/ToktoTravel/ToktoTravel.UWP/obj/x86/Debug/ilc/in/System.Globalization.Calendars.dll"
"Message",Normal,"C:\Users\izaias\Desktop\ToktoTravel\ToktoTravel\ToktoTravel.UWP\obj\x86\Debug\ilc\in\System.Globalization.Calendars.dll"
"Message",Normal,"O assembly 'System.Globalization.dll' foi encontrado em mais de uma pasta."
"Message",Normal,"file:///C:/Users/izaias/Desktop/ToktoTravel/ToktoTravel/ToktoTravel.UWP/obj/x86/Debug/ilc/in/System.Globalization.dll"
"Message",Normal,"C:\Users\izaias\Desktop\ToktoTravel\ToktoTravel\ToktoTravel.UWP\obj\x86\Debug\ilc\in\System.Globalization.dll"
"Message",Normal,"O assembly 'System.Globalization.Extensions.dll' foi encontrado em mais de uma pasta."
"Message",Normal,"file:///C:/Users/izaias/Desktop/ToktoTravel/ToktoTravel/ToktoTravel.UWP/obj/x86/Debug/ilc/in/System.Globalization.Extensions.dll"
"Message",Normal,"C:\Users\izaias\Desktop\ToktoTravel\ToktoTravel\ToktoTravel.UWP\obj\x86\Debug\ilc\in\System.Globalization.Extensions.dll"
"Message",Normal,"O assembly 'System.IO.Compression.dll' foi encontrado em mais de uma pasta."
"Message",Normal,"file:///C:/Users/izaias/Desktop/ToktoTravel/ToktoTravel/ToktoTravel.UWP/obj/x86/Debug/ilc/in/System.IO.Compression.dll"
"Message",Normal,"C:\Users\izaias\Desktop\ToktoTravel\ToktoTravel\ToktoTravel.UWP\obj\x86\Debug\ilc\in\System.IO.Compression.dll"
"Message",Normal,"O assembly 'System.IO.Compression.ZipFile.dll' foi encontrado em mais de uma pasta."
"Message",Normal,"file:///C:/Users/izaias/Desktop/ToktoTravel/ToktoTravel/ToktoTravel.UWP/obj/x86/Debug/ilc/in/System.IO.Compression.ZipFile.dll"
"Message",Normal,"C:\Users\izaias\Desktop\ToktoTravel\ToktoTravel\ToktoTravel.UWP\obj\x86\Debug\ilc\in\System.IO.Compression.ZipFile.dll"
"Message",Normal,"O assembly 'System.IO.dll' foi encontrado em mais de uma pasta."
"Message",Normal,"file:///C:/Users/izaias/Desktop/ToktoTravel/ToktoTravel/ToktoTravel.UWP/obj/x86/Debug/ilc/in/System.IO.dll"
"Message",Normal,"C:\Users\izaias\Desktop\ToktoTravel\ToktoTravel\ToktoTravel.UWP\obj\x86\Debug\ilc\in\System.IO.dll"
"Message",Normal,"O assembly 'System.IO.FileSystem.dll' foi encontrado em mais de uma pasta."
"Message",Normal,"file:///C:/Users/izaias/Desktop/ToktoTravel/ToktoTravel/ToktoTravel.UWP/obj/x86/Debug/ilc/in/System.IO.FileSystem.dll"
"Message",Normal,"C:\Users\izaias\Desktop\ToktoTravel\ToktoTravel\ToktoTravel.UWP\obj\x86\Debug\ilc\in\System.IO.FileSystem.dll"
"Message",Normal,"O assembly 'System.IO.FileSystem.Primitives.dll' foi encontrado em mais de uma pasta."
"Message",Normal,"file:///C:/Users/izaias/Desktop/ToktoTravel/ToktoTravel/ToktoTravel.UWP/obj/x86/Debug/ilc/in/System.IO.FileSystem.Primitives.dll"
"Message",Normal,"C:\Users\izaias\Desktop\ToktoTravel\ToktoTravel\ToktoTravel.UWP\obj\x86\Debug\ilc\in\System.IO.FileSystem.Primitives.dll"
"Message",Normal,"O assembly 'System.IO.IsolatedStorage.dll' foi encontrado em mais de uma pasta."
"Message",Normal,"file:///C:/Users/izaias/Desktop/ToktoTravel/ToktoTravel/ToktoTravel.UWP/obj/x86/Debug/ilc/in/System.IO.IsolatedStorage.dll"
"Message",Normal,"C:\Users\izaias\Desktop\ToktoTravel\ToktoTravel\ToktoTravel.UWP\obj\x86\Debug\ilc\in\System.IO.IsolatedStorage.dll"
"Message",Normal,"O assembly 'System.IO.UnmanagedMemoryStream.dll' foi encontrado em mais de uma pasta."
"Message",Normal,"file:///C:/Users/izaias/Desktop/ToktoTravel/ToktoTravel/ToktoTravel.UWP/obj/x86/Debug/ilc/in/System.IO.UnmanagedMemoryStream.dll"
"Message",Normal,"C:\Users\izaias\Desktop\ToktoTravel\ToktoTravel\ToktoTravel.UWP\obj\x86\Debug\ilc\in\System.IO.UnmanagedMemoryStream.dll"
"Message",Normal,"O assembly 'System.Linq.dll' foi encontrado em mais de uma pasta."
"Message",Normal,"file:///C:/Users/izaias/Desktop/ToktoTravel/ToktoTravel/ToktoTravel.UWP/obj/x86/Debug/ilc/in/System.Linq.dll"
"Message",Normal,"C:\Users\izaias\Desktop\ToktoTravel\ToktoTravel\ToktoTravel.UWP\obj\x86\Debug\ilc\in\System.Linq.dll"
"Message",Normal,"O assembly 'System.Linq.Expressions.dll' foi encontrado em mais de uma pasta."
"Message",Normal,"file:///C:/Users/izaias/Desktop/ToktoTravel/ToktoTravel/ToktoTravel.UWP/obj/x86/Debug/ilc/in/System.Linq.Expressions.dll"
"Message",Normal,"C:\Users\izaias\Desktop\ToktoTravel\ToktoTravel\ToktoTravel.UWP\obj\x86\Debug\ilc\in\System.Linq.Expressions.dll"
"Message",Normal,"O assembly 'System.Linq.Parallel.dll' foi encontrado em mais de uma pasta."
"Message",Normal,"file:///C:/Users/izaias/Desktop/ToktoTravel/ToktoTravel/ToktoTravel.UWP/obj/x86/Debug/ilc/in/System.Linq.Parallel.dll"
"Message",Normal,"C:\Users\izaias\Desktop\ToktoTravel\ToktoTravel\ToktoTravel.UWP\obj\x86\Debug\ilc\in\System.Linq.Parallel.dll"
"Message",Normal,"O assembly 'System.Linq.Queryable.dll' foi encontrado em mais de uma pasta."
"Message",Normal,"file:///C:/Users/izaias/Desktop/ToktoTravel/ToktoTravel/ToktoTravel.UWP/obj/x86/Debug/ilc/in/System.Linq.Queryable.dll"
"Message",Normal,"C:\Users\izaias\Desktop\ToktoTravel\ToktoTravel\ToktoTravel.UWP\obj\x86\Debug\ilc\in\System.Linq.Queryable.dll"
"Message",Normal,"O assembly 'System.Net.dll' foi encontrado em mais de uma pasta."
"Message",Normal,"file:///C:/Users/izaias/Desktop/ToktoTravel/ToktoTravel/ToktoTravel.UWP/obj/x86/Debug/ilc/in/System.Net.dll"
"Message",Normal,"C:\Users\izaias\Desktop\ToktoTravel\ToktoTravel\ToktoTravel.UWP\obj\x86\Debug\ilc\in\System.Net.dll"
"Message",Normal,"O assembly 'System.Net.Http.dll' foi encontrado em mais de uma pasta."
"Message",Normal,"file:///C:/Users/izaias/Desktop/ToktoTravel/ToktoTravel/ToktoTravel.UWP/obj/x86/Debug/ilc/in/System.Net.Http.dll"
"Message",Normal,"C:\Users\izaias\Desktop\ToktoTravel\ToktoTravel\ToktoTravel.UWP\obj\x86\Debug\ilc\in\System.Net.Http.dll"
"Message",Normal,"O assembly 'System.Net.Http.Rtc.dll' foi encontrado em mais de uma pasta."
"Message",Normal,"file:///C:/Users/izaias/Desktop/ToktoTravel/ToktoTravel/ToktoTravel.UWP/obj/x86/Debug/ilc/in/System.Net.Http.Rtc.dll"
"Message",Normal,"C:\Users\izaias\Desktop\ToktoTravel\ToktoTravel\ToktoTravel.UWP\obj\x86\Debug\ilc\in\System.Net.Http.Rtc.dll"
"Message",Normal,"O assembly 'System.Net.NameResolution.dll' foi encontrado em mais de uma pasta."
"Message",Normal,"file:///C:/Users/izaias/Desktop/ToktoTravel/ToktoTravel/ToktoTravel.UWP/obj/x86/Debug/ilc/in/System.Net.NameResolution.dll"
"Message",Normal,"C:\Users\izaias\Desktop\ToktoTravel\ToktoTravel\ToktoTravel.UWP\obj\x86\Debug\ilc\in\System.Net.NameResolution.dll"
"Message",Normal,"O assembly 'System.Net.NetworkInformation.dll' foi encontrado em mais de uma pasta."
"Message",Normal,"file:///C:/Users/izaias/Desktop/ToktoTravel/ToktoTravel/ToktoTravel.UWP/obj/x86/Debug/ilc/in/System.Net.NetworkInformation.dll"
"Message",Normal,"C:\Users\izaias\Desktop\ToktoTravel\ToktoTravel\ToktoTravel.UWP\obj\x86\Debug\ilc\in\System.Net.NetworkInformation.dll"
"Message",Normal,"O assembly 'System.Net.Primitives.dll' foi encontrado em mais de uma pasta."
"Message",Normal,"file:///C:/Users/izaias/Desktop/ToktoTravel/ToktoTravel/ToktoTravel.UWP/obj/x86/Debug/ilc/in/System.Net.Primitives.dll"
"Message",Normal,"C:\Users\izaias\Desktop\ToktoTravel\ToktoTravel\ToktoTravel.UWP\obj\x86\Debug\ilc\in\System.Net.Primitives.dll"
"Message",Normal,"O assembly 'System.Net.Requests.dll' foi encontrado em mais de uma pasta."
"Message",Normal,"file:///C:/Users/izaias/Desktop/ToktoTravel/ToktoTravel/ToktoTravel.UWP/obj/x86/Debug/ilc/in/System.Net.Requests.dll"
"Message",Normal,"C:\Users\izaias\Desktop\ToktoTravel\ToktoTravel\ToktoTravel.UWP\obj\x86\Debug\ilc\in\System.Net.Requests.dll"
"Message",Normal,"O assembly 'System.Net.Sockets.dll' foi encontrado em mais de uma pasta."
"Message",Normal,"file:///C:/Users/izaias/Desktop/ToktoTravel/ToktoTravel/ToktoTravel.UWP/obj/x86/Debug/ilc/in/System.Net.Sockets.dll"
"Message",Normal,"C:\Users\izaias\Desktop\ToktoTravel\ToktoTravel\ToktoTravel.UWP\obj\x86\Debug\ilc\in\System.Net.Sockets.dll"
"Message",Normal,"O assembly 'System.Net.WebHeaderCollection.dll' foi encontrado em mais de uma pasta."
"Message",Normal,"file:///C:/Users/izaias/Desktop/ToktoTravel/ToktoTravel/ToktoTravel.UWP/obj/x86/Debug/ilc/in/System.Net.WebHeaderCollection.dll"
"Message",Normal,"C:\Users\izaias\Desktop\ToktoTravel\ToktoTravel\ToktoTravel.UWP\obj\x86\Debug\ilc\in\System.Net.WebHeaderCollection.dll"
"Message",Normal,"O assembly 'System.Net.WebSockets.Client.dll' foi encontrado em mais de uma pasta."
"Message",Normal,"file:///C:/Users/izaias/Desktop/ToktoTravel/ToktoTravel/ToktoTravel.UWP/obj/x86/Debug/ilc/in/System.Net.WebSockets.Client.dll"
"Message",Normal,"C:\Users\izaias\Desktop\ToktoTravel\ToktoTravel\ToktoTravel.UWP\obj\x86\Debug\ilc\in\System.Net.WebSockets.Client.dll"
"Message",Normal,"O assembly 'System.Net.WebSockets.dll' foi encontrado em mais de uma pasta."
"Message",Normal,"file:///C:/Users/izaias/Desktop/ToktoTravel/ToktoTravel/ToktoTravel.UWP/obj/x86/Debug/ilc/in/System.Net.WebSockets.dll"
"Message",Normal,"C:\Users\izaias\Desktop\ToktoTravel\ToktoTravel\ToktoTravel.UWP\obj\x86\Debug\ilc\in\System.Net.WebSockets.dll"
"Message",Normal,"O assembly 'System.Numerics.dll' foi encontrado em mais de uma pasta."
"Message",Normal,"file:///C:/Users/izaias/Desktop/ToktoTravel/ToktoTravel/ToktoTravel.UWP/obj/x86/Debug/ilc/in/System.Numerics.dll"
"Message",Normal,"C:\Users\izaias\Desktop\ToktoTravel\ToktoTravel\ToktoTravel.UWP\obj\x86\Debug\ilc\in\System.Numerics.dll"
"Message",Normal,"O assembly 'System.Numerics.Vectors.dll' foi encontrado em mais de uma pasta."
"Message",Normal,"file:///C:/Users/izaias/Desktop/ToktoTravel/ToktoTravel/ToktoTravel.UWP/obj/x86/Debug/ilc/in/System.Numerics.Vectors.dll"
"Message",Normal,"C:\Users\izaias\Desktop\ToktoTravel\ToktoTravel\ToktoTravel.UWP\obj\x86\Debug\ilc\in\System.Numerics.Vectors.dll"
"Message",Normal,"O assembly 'System.Numerics.Vectors.WindowsRuntime.dll' foi encontrado em mais de uma pasta."
"Message",Normal,"file:///C:/Users/izaias/Desktop/ToktoTravel/ToktoTravel/ToktoTravel.UWP/obj/x86/Debug/ilc/in/System.Numerics.Vectors.WindowsRuntime.dll"
"Message",Normal,"C:\Users\izaias\Desktop\ToktoTravel\ToktoTravel\ToktoTravel.UWP\obj\x86\Debug\ilc\in\System.Numerics.Vectors.WindowsRuntime.dll"
"Message",Normal,"O assembly 'System.ObjectModel.dll' foi encontrado em mais de uma pasta."
"Message",Normal,"file:///C:/Users/izaias/Desktop/ToktoTravel/ToktoTravel/ToktoTravel.UWP/obj/x86/Debug/ilc/in/System.ObjectModel.dll"
"Message",Normal,"C:\Users\izaias\Desktop\ToktoTravel\ToktoTravel\ToktoTravel.UWP\obj\x86\Debug\ilc\in\System.ObjectModel.dll"
"Message",Normal,"O assembly 'System.Private.DataContractSerialization.dll' foi encontrado em mais de uma pasta."
"Message",Normal,"file:///C:/Users/izaias/Desktop/ToktoTravel/ToktoTravel/ToktoTravel.UWP/obj/x86/Debug/ilc/in/System.Private.DataContractSerialization.dll"
"Message",Normal,"C:\Users\izaias\Desktop\ToktoTravel\ToktoTravel\ToktoTravel.UWP\obj\x86\Debug\ilc\in\System.Private.DataContractSerialization.dll"
"Message",Normal,"O assembly 'System.Private.ServiceModel.dll' foi encontrado em mais de uma pasta."
"Message",Normal,"file:///C:/Users/izaias/Desktop/ToktoTravel/ToktoTravel/ToktoTravel.UWP/obj/x86/Debug/ilc/in/System.Private.ServiceModel.dll"
"Message",Normal,"C:\Users\izaias\Desktop\ToktoTravel\ToktoTravel\ToktoTravel.UWP\obj\x86\Debug\ilc\in\System.Private.ServiceModel.dll"
"Message",Normal,"O assembly 'System.Private.Uri.dll' foi encontrado em mais de uma pasta."
"Message",Normal,"file:///C:/Users/izaias/Desktop/ToktoTravel/ToktoTravel/ToktoTravel.UWP/obj/x86/Debug/ilc/in/System.Private.Uri.dll"
"Message",Normal,"C:\Users\izaias\Desktop\ToktoTravel\ToktoTravel\ToktoTravel.UWP\obj\x86\Debug\ilc\in\System.Private.Uri.dll"
"Message",Normal,"O assembly 'System.Reflection.Context.dll' foi encontrado em mais de uma pasta."
"Message",Normal,"file:///C:/Users/izaias/Desktop/ToktoTravel/ToktoTravel/ToktoTravel.UWP/obj/x86/Debug/ilc/in/System.Reflection.Context.dll"
"Message",Normal,"C:\Users\izaias\Desktop\ToktoTravel\ToktoTravel\ToktoTravel.UWP\obj\x86\Debug\ilc\in\System.Reflection.Context.dll"
"Message",Normal,"O assembly 'System.Reflection.DispatchProxy.dll' foi encontrado em mais de uma pasta."
"Message",Normal,"file:///C:/Users/izaias/Desktop/ToktoTravel/ToktoTravel/ToktoTravel.UWP/obj/x86/Debug/ilc/in/System.Reflection.DispatchProxy.dll"
"Message",Normal,"C:\Users\izaias\Desktop\ToktoTravel\ToktoTravel\ToktoTravel.UWP\obj\x86\Debug\ilc\in\System.Reflection.DispatchProxy.dll"
"Message",Normal,"O assembly 'System.Reflection.dll' foi encontrado em mais de uma pasta."
"Message",Normal,"file:///C:/Users/izaias/Desktop/ToktoTravel/ToktoTravel/ToktoTravel.UWP/obj/x86/Debug/ilc/in/System.Reflection.dll"
"Message",Normal,"C:\Users\izaias\Desktop\ToktoTravel\ToktoTravel\ToktoTravel.UWP\obj\x86\Debug\ilc\in\System.Reflection.dll"
"Message",Normal,"O assembly 'System.Reflection.Emit.dll' foi encontrado em mais de uma pasta."
"Message",Normal,"file:///C:/Users/izaias/Desktop/ToktoTravel/ToktoTravel/ToktoTravel.UWP/obj/x86/Debug/ilc/in/System.Reflection.Emit.dll"
"Message",Normal,"C:\Users\izaias\Desktop\ToktoTravel\ToktoTravel\ToktoTravel.UWP\obj\x86\Debug\ilc\in\System.Reflection.Emit.dll"
"Message",Normal,"O assembly 'System.Reflection.Extensions.dll' foi encontrado em mais de uma pasta."
"Message",Normal,"file:///C:/Users/izaias/Desktop/ToktoTravel/ToktoTravel/ToktoTravel.UWP/obj/x86/Debug/ilc/in/System.Reflection.Extensions.dll"
"Message",Normal,"C:\Users\izaias\Desktop\ToktoTravel\ToktoTravel\ToktoTravel.UWP\obj\x86\Debug\ilc\in\System.Reflection.Extensions.dll"
"Message",Normal,"O assembly 'System.Reflection.Metadata.dll' foi encontrado em mais de uma pasta."
"Message",Normal,"file:///C:/Users/izaias/Desktop/ToktoTravel/ToktoTravel/ToktoTravel.UWP/obj/x86/Debug/ilc/in/System.Reflection.Metadata.dll"
"Message",Normal,"C:\Users\izaias\Desktop\ToktoTravel\ToktoTravel\ToktoTravel.UWP\obj\x86\Debug\ilc\in\System.Reflection.Metadata.dll"
"Message",Normal,"O assembly 'System.Reflection.Primitives.dll' foi encontrado em mais de uma pasta."
"Message",Normal,"file:///C:/Users/izaias/Desktop/ToktoTravel/ToktoTravel/ToktoTravel.UWP/obj/x86/Debug/ilc/in/System.Reflection.Primitives.dll"
"Message",Normal,"C:\Users\izaias\Desktop\ToktoTravel\ToktoTravel\ToktoTravel.UWP\obj\x86\Debug\ilc\in\System.Reflection.Primitives.dll"
"Message",Normal,"O assembly 'System.Reflection.TypeExtensions.dll' foi encontrado em mais de uma pasta."
"Message",Normal,"file:///C:/Users/izaias/Desktop/ToktoTravel/ToktoTravel/ToktoTravel.UWP/obj/x86/Debug/ilc/in/System.Reflection.TypeExtensions.dll"
"Message",Normal,"C:\Users\izaias\Desktop\ToktoTravel\ToktoTravel\ToktoTravel.UWP\obj\x86\Debug\ilc\in\System.Reflection.TypeExtensions.dll"
"Message",Normal,"O assembly 'System.Resources.ResourceManager.dll' foi encontrado em mais de uma pasta."
"Message",Normal,"file:///C:/Users/izaias/Desktop/ToktoTravel/ToktoTravel/ToktoTravel.UWP/obj/x86/Debug/ilc/in/System.Resources.ResourceManager.dll"
"Message",Normal,"C:\Users\izaias\Desktop\ToktoTravel\ToktoTravel\ToktoTravel.UWP\obj\x86\Debug\ilc\in\System.Resources.ResourceManager.dll"
"Message",Normal,"O assembly 'System.Runtime.dll' foi encontrado em mais de uma pasta."
"Message",Normal,"file:///C:/Users/izaias/Desktop/ToktoTravel/ToktoTravel/ToktoTravel.UWP/obj/x86/Debug/ilc/in/System.Runtime.dll"
"Message",Normal,"C:\Users\izaias\Desktop\ToktoTravel\ToktoTravel\ToktoTravel.UWP\obj\x86\Debug\ilc\in\System.Runtime.dll"
"Message",Normal,"O assembly 'System.Runtime.Extensions.dll' foi encontrado em mais de uma pasta."
"Message",Normal,"file:///C:/Users/izaias/Desktop/ToktoTravel/ToktoTravel/ToktoTravel.UWP/obj/x86/Debug/ilc/in/System.Runtime.Extensions.dll"
"Message",Normal,"C:\Users\izaias\Desktop\ToktoTravel\ToktoTravel\ToktoTravel.UWP\obj\x86\Debug\ilc\in\System.Runtime.Extensions.dll"
"Message",Normal,"O assembly 'System.Runtime.Handles.dll' foi encontrado em mais de uma pasta."
"Message",Normal,"file:///C:/Users/izaias/Desktop/ToktoTravel/ToktoTravel/ToktoTravel.UWP/obj/x86/Debug/ilc/in/System.Runtime.Handles.dll"
"Message",Normal,"C:\Users\izaias\Desktop\ToktoTravel\ToktoTravel\ToktoTravel.UWP\obj\x86\Debug\ilc\in\System.Runtime.Handles.dll"
"Message",Normal,"O assembly 'System.Runtime.InteropServices.dll' foi encontrado em mais de uma pasta."
"Message",Normal,"file:///C:/Users/izaias/Desktop/ToktoTravel/ToktoTravel/ToktoTravel.UWP/obj/x86/Debug/ilc/in/System.Runtime.InteropServices.dll"
"Message",Normal,"C:\Users\izaias\Desktop\ToktoTravel\ToktoTravel\ToktoTravel.UWP\obj\x86\Debug\ilc\in\System.Runtime.InteropServices.dll"
"Message",Normal,"O assembly 'System.Runtime.InteropServices.RuntimeInformation.dll' foi encontrado em mais de uma pasta."
"Message",Normal,"file:///C:/Users/izaias/Desktop/ToktoTravel/ToktoTravel/ToktoTravel.UWP/obj/x86/Debug/ilc/in/System.Runtime.InteropServices.RuntimeInformation.dll"
"Message",Normal,"C:\Users\izaias\Desktop\ToktoTravel\ToktoTravel\ToktoTravel.UWP\obj\x86\Debug\ilc\in\System.Runtime.InteropServices.RuntimeInformation.dll"
"Message",Normal,"O assembly 'System.Runtime.InteropServices.WindowsRuntime.dll' foi encontrado em mais de uma pasta."
"Message",Normal,"file:///C:/Users/izaias/Desktop/ToktoTravel/ToktoTravel/ToktoTravel.UWP/obj/x86/Debug/ilc/in/System.Runtime.InteropServices.WindowsRuntime.dll"
"Message",Normal,"C:\Users\izaias\Desktop\ToktoTravel\ToktoTravel\ToktoTravel.UWP\obj\x86\Debug\ilc\in\System.Runtime.InteropServices.WindowsRuntime.dll"
"Message",Normal,"O assembly 'System.Runtime.Numerics.dll' foi encontrado em mais de uma pasta."
"Message",Normal,"file:///C:/Users/izaias/Desktop/ToktoTravel/ToktoTravel/ToktoTravel.UWP/obj/x86/Debug/ilc/in/System.Runtime.Numerics.dll"
"Message",Normal,"C:\Users\izaias\Desktop\ToktoTravel\ToktoTravel\ToktoTravel.UWP\obj\x86\Debug\ilc\in\System.Runtime.Numerics.dll"
"Message",Normal,"O assembly 'System.Runtime.Serialization.dll' foi encontrado em mais de uma pasta."
"Message",Normal,"file:///C:/Users/izaias/Desktop/ToktoTravel/ToktoTravel/ToktoTravel.UWP/obj/x86/Debug/ilc/in/System.Runtime.Serialization.dll"
"Message",Normal,"C:\Users\izaias\Desktop\ToktoTravel\ToktoTravel\ToktoTravel.UWP\obj\x86\Debug\ilc\in\System.Runtime.Serialization.dll"
"Message",Normal,"O assembly 'System.Runtime.Serialization.Formatters.dll' foi encontrado em mais de uma pasta."
"Message",Normal,"file:///C:/Users/izaias/Desktop/ToktoTravel/ToktoTravel/ToktoTravel.UWP/obj/x86/Debug/ilc/in/System.Runtime.Serialization.Formatters.dll"
"Message",Normal,"C:\Users\izaias\Desktop\ToktoTravel\ToktoTravel\ToktoTravel.UWP\obj\x86\Debug\ilc\in\System.Runtime.Serialization.Formatters.dll"
"Message",Normal,"O assembly 'System.Runtime.Serialization.Json.dll' foi encontrado em mais de uma pasta."
"Message",Normal,"file:///C:/Users/izaias/Desktop/ToktoTravel/ToktoTravel/ToktoTravel.UWP/obj/x86/Debug/ilc/in/System.Runtime.Serialization.Json.dll"
"Message",Normal,"C:\Users\izaias\Desktop\ToktoTravel\ToktoTravel\ToktoTravel.UWP\obj\x86\Debug\ilc\in\System.Runtime.Serialization.Json.dll"
"Message",Normal,"O assembly 'System.Runtime.Serialization.Primitives.dll' foi encontrado em mais de uma pasta."
"Message",Normal,"file:///C:/Users/izaias/Desktop/ToktoTravel/ToktoTravel/ToktoTravel.UWP/obj/x86/Debug/ilc/in/System.Runtime.Serialization.Primitives.dll"
"Message",Normal,"C:\Users\izaias\Desktop\ToktoTravel\ToktoTravel\ToktoTravel.UWP\obj\x86\Debug\ilc\in\System.Runtime.Serialization.Primitives.dll"
"Message",Normal,"O assembly 'System.Runtime.Serialization.Xml.dll' foi encontrado em mais de uma pasta."
"Message",Normal,"file:///C:/Users/izaias/Desktop/ToktoTravel/ToktoTravel/ToktoTravel.UWP/obj/x86/Debug/ilc/in/System.Runtime.Serialization.Xml.dll"
"Message",Normal,"C:\Users\izaias\Desktop\ToktoTravel\ToktoTravel\ToktoTravel.UWP\obj\x86\Debug\ilc\in\System.Runtime.Serialization.Xml.dll"
"Message",Normal,"O assembly 'System.Runtime.WindowsRuntime.dll' foi encontrado em mais de uma pasta."
"Message",Normal,"file:///C:/Users/izaias/Desktop/ToktoTravel/ToktoTravel/ToktoTravel.UWP/obj/x86/Debug/ilc/intermediate/TransformedSRWR/System.Runtime.WindowsRuntime.dll"
"Message",Normal,"C:\Users\izaias\Desktop\ToktoTravel\ToktoTravel\ToktoTravel.UWP\obj\x86\Debug\ilc\in\System.Runtime.WindowsRuntime.dll"
"Message",Normal,"O assembly 'System.Runtime.WindowsRuntime.UI.Xaml.dll' foi encontrado em mais de uma pasta."
"Message",Normal,"file:///C:/Users/izaias/Desktop/ToktoTravel/ToktoTravel/ToktoTravel.UWP/obj/x86/Debug/ilc/in/System.Runtime.WindowsRuntime.UI.Xaml.dll"
"Message",Normal,"C:\Users\izaias\Desktop\ToktoTravel\ToktoTravel\ToktoTravel.UWP\obj\x86\Debug\ilc\in\System.Runtime.WindowsRuntime.UI.Xaml.dll"
"Message",Normal,"O assembly 'System.Security.Claims.dll' foi encontrado em mais de uma pasta."
"Message",Normal,"file:///C:/Users/izaias/Desktop/ToktoTravel/ToktoTravel/ToktoTravel.UWP/obj/x86/Debug/ilc/in/System.Security.Claims.dll"
"Message",Normal,"C:\Users\izaias\Desktop\ToktoTravel\ToktoTravel\ToktoTravel.UWP\obj\x86\Debug\ilc\in\System.Security.Claims.dll"
"Message",Normal,"O assembly 'System.Security.Cryptography.Algorithms.dll' foi encontrado em mais de uma pasta."
"Message",Normal,"file:///C:/Users/izaias/Desktop/ToktoTravel/ToktoTravel/ToktoTravel.UWP/obj/x86/Debug/ilc/in/System.Security.Cryptography.Algorithms.dll"
"Message",Normal,"C:\Users\izaias\Desktop\ToktoTravel\ToktoTravel\ToktoTravel.UWP\obj\x86\Debug\ilc\in\System.Security.Cryptography.Algorithms.dll"
"Message",Normal,"O assembly 'System.Security.Cryptography.Cng.dll' foi encontrado em mais de uma pasta."
"Message",Normal,"file:///C:/Users/izaias/Desktop/ToktoTravel/ToktoTravel/ToktoTravel.UWP/obj/x86/Debug/ilc/in/System.Security.Cryptography.Cng.dll"
"Message",Normal,"C:\Users\izaias\Desktop\ToktoTravel\ToktoTravel\ToktoTravel.UWP\obj\x86\Debug\ilc\in\System.Security.Cryptography.Cng.dll"
"Message",Normal,"O assembly 'System.Security.Cryptography.Encoding.dll' foi encontrado em mais de uma pasta."
"Message",Normal,"file:///C:/Users/izaias/Desktop/ToktoTravel/ToktoTravel/ToktoTravel.UWP/obj/x86/Debug/ilc/in/System.Security.Cryptography.Encoding.dll"
"Message",Normal,"C:\Users\izaias\Desktop\ToktoTravel\ToktoTravel\ToktoTravel.UWP\obj\x86\Debug\ilc\in\System.Security.Cryptography.Encoding.dll"
"Message",Normal,"O assembly 'System.Security.Cryptography.Primitives.dll' foi encontrado em mais de uma pasta."
"Message",Normal,"file:///C:/Users/izaias/Desktop/ToktoTravel/ToktoTravel/ToktoTravel.UWP/obj/x86/Debug/ilc/in/System.Security.Cryptography.Primitives.dll"
"Message",Normal,"C:\Users\izaias\Desktop\ToktoTravel\ToktoTravel\ToktoTravel.UWP\obj\x86\Debug\ilc\in\System.Security.Cryptography.Primitives.dll"
"Message",Normal,"O assembly 'System.Security.Cryptography.X509Certificates.dll' foi encontrado em mais de uma pasta."
"Message",Normal,"file:///C:/Users/izaias/Desktop/ToktoTravel/ToktoTravel/ToktoTravel.UWP/obj/x86/Debug/ilc/in/System.Security.Cryptography.X509Certificates.dll"
"Message",Normal,"C:\Users\izaias\Desktop\ToktoTravel\ToktoTravel\ToktoTravel.UWP\obj\x86\Debug\ilc\in\System.Security.Cryptography.X509Certificates.dll"
"Message",Normal,"O assembly 'System.Security.Principal.dll' foi encontrado em mais de uma pasta."
"Message",Normal,"file:///C:/Users/izaias/Desktop/ToktoTravel/ToktoTravel/ToktoTravel.UWP/obj/x86/Debug/ilc/in/System.Security.Principal.dll"
"Message",Normal,"C:\Users\izaias\Desktop\ToktoTravel\ToktoTravel\ToktoTravel.UWP\obj\x86\Debug\ilc\in\System.Security.Principal.dll"
"Message",Normal,"O assembly 'System.ServiceModel.dll' foi encontrado em mais de uma pasta."
"Message",Normal,"file:///C:/Users/izaias/Desktop/ToktoTravel/ToktoTravel/ToktoTravel.UWP/obj/x86/Debug/ilc/in/System.ServiceModel.dll"
"Message",Normal,"C:\Users\izaias\Desktop\ToktoTravel\ToktoTravel\ToktoTravel.UWP\obj\x86\Debug\ilc\in\System.ServiceModel.dll"
"Message",Normal,"O assembly 'System.ServiceModel.Duplex.dll' foi encontrado em mais de uma pasta."
"Message",Normal,"file:///C:/Users/izaias/Desktop/ToktoTravel/ToktoTravel/ToktoTravel.UWP/obj/x86/Debug/ilc/in/System.ServiceModel.Duplex.dll"
"Message",Normal,"C:\Users\izaias\Desktop\ToktoTravel\ToktoTravel\ToktoTravel.UWP\obj\x86\Debug\ilc\in\System.ServiceModel.Duplex.dll"
"Message",Normal,"O assembly 'System.ServiceModel.Http.dll' foi encontrado em mais de uma pasta."
"Message",Normal,"file:///C:/Users/izaias/Desktop/ToktoTravel/ToktoTravel/ToktoTravel.UWP/obj/x86/Debug/ilc/in/System.ServiceModel.Http.dll"
"Message",Normal,"C:\Users\izaias\Desktop\ToktoTravel\ToktoTravel\ToktoTravel.UWP\obj\x86\Debug\ilc\in\System.ServiceModel.Http.dll"
"Message",Normal,"O assembly 'System.ServiceModel.NetTcp.dll' foi encontrado em mais de uma pasta."
"Message",Normal,"file:///C:/Users/izaias/Desktop/ToktoTravel/ToktoTravel/ToktoTravel.UWP/obj/x86/Debug/ilc/in/System.ServiceModel.NetTcp.dll"
"Message",Normal,"C:\Users\izaias\Desktop\ToktoTravel\ToktoTravel\ToktoTravel.UWP\obj\x86\Debug\ilc\in\System.ServiceModel.NetTcp.dll"
"Message",Normal,"O assembly 'System.ServiceModel.Primitives.dll' foi encontrado em mais de uma pasta."
"Message",Normal,"file:///C:/Users/izaias/Desktop/ToktoTravel/ToktoTravel/ToktoTravel.UWP/obj/x86/Debug/ilc/in/System.ServiceModel.Primitives.dll"
"Message",Normal,"C:\Users\izaias\Desktop\ToktoTravel\ToktoTravel\ToktoTravel.UWP\obj\x86\Debug\ilc\in\System.ServiceModel.Primitives.dll"
"Message",Normal,"O assembly 'System.ServiceModel.Security.dll' foi encontrado em mais de uma pasta."
"Message",Normal,"file:///C:/Users/izaias/Desktop/ToktoTravel/ToktoTravel/ToktoTravel.UWP/obj/x86/Debug/ilc/in/System.ServiceModel.Security.dll"
"Message",Normal,"C:\Users\izaias\Desktop\ToktoTravel\ToktoTravel\ToktoTravel.UWP\obj\x86\Debug\ilc\in\System.ServiceModel.Security.dll"
"Message",Normal,"O assembly 'System.ServiceModel.Web.dll' foi encontrado em mais de uma pasta."
"Message",Normal,"file:///C:/Users/izaias/Desktop/ToktoTravel/ToktoTravel/ToktoTravel.UWP/obj/x86/Debug/ilc/in/System.ServiceModel.Web.dll"
"Message",Normal,"C:\Users\izaias\Desktop\ToktoTravel\ToktoTravel\ToktoTravel.UWP\obj\x86\Debug\ilc\in\System.ServiceModel.Web.dll"
"Message",Normal,"O assembly 'System.Text.Encoding.CodePages.dll' foi encontrado em mais de uma pasta."
"Message",Normal,"file:///C:/Users/izaias/Desktop/ToktoTravel/ToktoTravel/ToktoTravel.UWP/obj/x86/Debug/ilc/in/System.Text.Encoding.CodePages.dll"
"Message",Normal,"C:\Users\izaias\Desktop\ToktoTravel\ToktoTravel\ToktoTravel.UWP\obj\x86\Debug\ilc\in\System.Text.Encoding.CodePages.dll"
"Message",Normal,"O assembly 'System.Text.Encoding.dll' foi encontrado em mais de uma pasta."
"Message",Normal,"file:///C:/Users/izaias/Desktop/ToktoTravel/ToktoTravel/ToktoTravel.UWP/obj/x86/Debug/ilc/in/System.Text.Encoding.dll"
"Message",Normal,"C:\Users\izaias\Desktop\ToktoTravel\ToktoTravel\ToktoTravel.UWP\obj\x86\Debug\ilc\in\System.Text.Encoding.dll"
"Message",Normal,"O assembly 'System.Text.Encoding.Extensions.dll' foi encontrado em mais de uma pasta."
"Message",Normal,"file:///C:/Users/izaias/Desktop/ToktoTravel/ToktoTravel/ToktoTravel.UWP/obj/x86/Debug/ilc/in/System.Text.Encoding.Extensions.dll"
"Message",Normal,"C:\Users\izaias\Desktop\ToktoTravel\ToktoTravel\ToktoTravel.UWP\obj\x86\Debug\ilc\in\System.Text.Encoding.Extensions.dll"
"Message",Normal,"O assembly 'System.Text.RegularExpressions.dll' foi encontrado em mais de uma pasta."
"Message",Normal,"file:///C:/Users/izaias/Desktop/ToktoTravel/ToktoTravel/ToktoTravel.UWP/obj/x86/Debug/ilc/in/System.Text.RegularExpressions.dll"
"Message",Normal,"C:\Users\izaias\Desktop\ToktoTravel\ToktoTravel\ToktoTravel.UWP\obj\x86\Debug\ilc\in\System.Text.RegularExpressions.dll"
"Message",Normal,"O assembly 'System.Threading.dll' foi encontrado em mais de uma pasta."
"Message",Normal,"file:///C:/Users/izaias/Desktop/ToktoTravel/ToktoTravel/ToktoTravel.UWP/obj/x86/Debug/ilc/in/System.Threading.dll"
"Message",Normal,"C:\Users\izaias\Desktop\ToktoTravel\ToktoTravel\ToktoTravel.UWP\obj\x86\Debug\ilc\in\System.Threading.dll"
"Message",Normal,"O assembly 'System.Threading.Overlapped.dll' foi encontrado em mais de uma pasta."
"Message",Normal,"file:///C:/Users/izaias/Desktop/ToktoTravel/ToktoTravel/ToktoTravel.UWP/obj/x86/Debug/ilc/in/System.Threading.Overlapped.dll"
"Message",Normal,"C:\Users\izaias\Desktop\ToktoTravel\ToktoTravel\ToktoTravel.UWP\obj\x86\Debug\ilc\in\System.Threading.Overlapped.dll"
"Message",Normal,"O assembly 'System.Threading.Tasks.Dataflow.dll' foi encontrado em mais de uma pasta."
"Message",Normal,"file:///C:/Users/izaias/Desktop/ToktoTravel/ToktoTravel/ToktoTravel.UWP/obj/x86/Debug/ilc/in/System.Threading.Tasks.Dataflow.dll"
"Message",Normal,"C:\Users\izaias\Desktop\ToktoTravel\ToktoTravel\ToktoTravel.UWP\obj\x86\Debug\ilc\in\System.Threading.Tasks.Dataflow.dll"
"Message",Normal,"O assembly 'System.Threading.Tasks.dll' foi encontrado em mais de uma pasta."
"Message",Normal,"file:///C:/Users/izaias/Desktop/ToktoTravel/ToktoTravel/ToktoTravel.UWP/obj/x86/Debug/ilc/in/System.Threading.Tasks.dll"
"Message",Normal,"C:\Users\izaias\Desktop\ToktoTravel\ToktoTravel\ToktoTravel.UWP\obj\x86\Debug\ilc\in\System.Threading.Tasks.dll"
"Message",Normal,"O assembly 'System.Threading.Tasks.Extensions.dll' foi encontrado em mais de uma pasta."
"Message",Normal,"file:///C:/Users/izaias/Desktop/ToktoTravel/ToktoTravel/ToktoTravel.UWP/obj/x86/Debug/ilc/in/System.Threading.Tasks.Extensions.dll"
"Message",Normal,"C:\Users\izaias\Desktop\ToktoTravel\ToktoTravel\ToktoTravel.UWP\obj\x86\Debug\ilc\in\System.Threading.Tasks.Extensions.dll"
"Message",Normal,"O assembly 'System.Threading.Tasks.Parallel.dll' foi encontrado em mais de uma pasta."
"Message",Normal,"file:///C:/Users/izaias/Desktop/ToktoTravel/ToktoTravel/ToktoTravel.UWP/obj/x86/Debug/ilc/in/System.Threading.Tasks.Parallel.dll"
"Message",Normal,"C:\Users\izaias\Desktop\ToktoTravel\ToktoTravel\ToktoTravel.UWP\obj\x86\Debug\ilc\in\System.Threading.Tasks.Parallel.dll"
"Message",Normal,"O assembly 'System.Threading.Timer.dll' foi encontrado em mais de uma pasta."
"Message",Normal,"file:///C:/Users/izaias/Desktop/ToktoTravel/ToktoTravel/ToktoTravel.UWP/obj/x86/Debug/ilc/in/System.Threading.Timer.dll"
"Message",Normal,"C:\Users\izaias\Desktop\ToktoTravel\ToktoTravel\ToktoTravel.UWP\obj\x86\Debug\ilc\in\System.Threading.Timer.dll"
"Message",Normal,"O assembly 'System.Windows.dll' foi encontrado em mais de uma pasta."
"Message",Normal,"file:///C:/Users/izaias/Desktop/ToktoTravel/ToktoTravel/ToktoTravel.UWP/obj/x86/Debug/ilc/in/System.Windows.dll"
"Message",Normal,"C:\Users\izaias\Desktop\ToktoTravel\ToktoTravel\ToktoTravel.UWP\obj\x86\Debug\ilc\in\System.Windows.dll"
"Message",Normal,"O assembly 'System.Xml.dll' foi encontrado em mais de uma pasta."
"Message",Normal,"file:///C:/Users/izaias/Desktop/ToktoTravel/ToktoTravel/ToktoTravel.UWP/obj/x86/Debug/ilc/in/System.Xml.dll"
"Message",Normal,"C:\Users\izaias\Desktop\ToktoTravel\ToktoTravel\ToktoTravel.UWP\obj\x86\Debug\ilc\in\System.Xml.dll"
"Message",Normal,"O assembly 'System.Xml.Linq.dll' foi encontrado em mais de uma pasta."
"Message",Normal,"file:///C:/Users/izaias/Desktop/ToktoTravel/ToktoTravel/ToktoTravel.UWP/obj/x86/Debug/ilc/in/System.Xml.Linq.dll"
"Message",Normal,"C:\Users\izaias\Desktop\ToktoTravel\ToktoTravel\ToktoTravel.UWP\obj\x86\Debug\ilc\in\System.Xml.Linq.dll"
"Message",Normal,"O assembly 'System.Xml.ReaderWriter.dll' foi encontrado em mais de uma pasta."
"Message",Normal,"file:///C:/Users/izaias/Desktop/ToktoTravel/ToktoTravel/ToktoTravel.UWP/obj/x86/Debug/ilc/in/System.Xml.ReaderWriter.dll"
"Message",Normal,"C:\Users\izaias\Desktop\ToktoTravel\ToktoTravel\ToktoTravel.UWP\obj\x86\Debug\ilc\in\System.Xml.ReaderWriter.dll"
"Message",Normal,"O assembly 'System.Xml.Serialization.dll' foi encontrado em mais de uma pasta."
"Message",Normal,"file:///C:/Users/izaias/Desktop/ToktoTravel/ToktoTravel/ToktoTravel.UWP/obj/x86/Debug/ilc/in/System.Xml.Serialization.dll"
"Message",Normal,"C:\Users\izaias\Desktop\ToktoTravel\ToktoTravel\ToktoTravel.UWP\obj\x86\Debug\ilc\in\System.Xml.Serialization.dll"
"Message",Normal,"O assembly 'System.Xml.XDocument.dll' foi encontrado em mais de uma pasta."
"Message",Normal,"file:///C:/Users/izaias/Desktop/ToktoTravel/ToktoTravel/ToktoTravel.UWP/obj/x86/Debug/ilc/in/System.Xml.XDocument.dll"
"Message",Normal,"C:\Users\izaias\Desktop\ToktoTravel\ToktoTravel\ToktoTravel.UWP\obj\x86\Debug\ilc\in\System.Xml.XDocument.dll"
"Message",Normal,"O assembly 'System.Xml.XmlDocument.dll' foi encontrado em mais de uma pasta."
"Message",Normal,"file:///C:/Users/izaias/Desktop/ToktoTravel/ToktoTravel/ToktoTravel.UWP/obj/x86/Debug/ilc/in/System.Xml.XmlDocument.dll"
"Message",Normal,"C:\Users\izaias\Desktop\ToktoTravel\ToktoTravel\ToktoTravel.UWP\obj\x86\Debug\ilc\in\System.Xml.XmlDocument.dll"
"Message",Normal,"O assembly 'System.Xml.XmlSerializer.dll' foi encontrado em mais de uma pasta."
"Message",Normal,"file:///C:/Users/izaias/Desktop/ToktoTravel/ToktoTravel/ToktoTravel.UWP/obj/x86/Debug/ilc/in/System.Xml.XmlSerializer.dll"
"Message",Normal,"C:\Users\izaias\Desktop\ToktoTravel\ToktoTravel\ToktoTravel.UWP\obj\x86\Debug\ilc\in\System.Xml.XmlSerializer.dll"
"Message",Normal,"O assembly 'Toasts.Forms.Plugin.Abstractions.dll' foi encontrado em mais de uma pasta."
"Message",Normal,"file:///C:/Users/izaias/Desktop/ToktoTravel/ToktoTravel/ToktoTravel.UWP/obj/x86/Debug/ilc/in/Toasts.Forms.Plugin.Abstractions.dll"
"Message",Normal,"C:\Users\izaias\Desktop\ToktoTravel\ToktoTravel\ToktoTravel.UWP\obj\x86\Debug\ilc\in\Toasts.Forms.Plugin.Abstractions.dll"
"Message",Normal,"O assembly 'Toasts.Forms.Plugin.UWP.dll' foi encontrado em mais de uma pasta."
"Message",Normal,"file:///C:/Users/izaias/Desktop/ToktoTravel/ToktoTravel/ToktoTravel.UWP/obj/x86/Debug/ilc/in/Toasts.Forms.Plugin.UWP.dll"
"Message",Normal,"C:\Users\izaias\Desktop\ToktoTravel\ToktoTravel\ToktoTravel.UWP\obj\x86\Debug\ilc\in\Toasts.Forms.Plugin.UWP.dll"
"Message",Normal,"O assembly 'ToktoTravel.dll' foi encontrado em mais de uma pasta."
"Message",Normal,"file:///C:/Users/izaias/Desktop/ToktoTravel/ToktoTravel/ToktoTravel.UWP/obj/x86/Debug/ilc/intermediate/PreMergeILTransformed/ToktoTravel.dll"
"Message",Normal,"C:\Users\izaias\Desktop\ToktoTravel\ToktoTravel\ToktoTravel.UWP\obj\x86\Debug\ilc\in\ToktoTravel.dll"
"Message",Normal,"O assembly 'Xamarin.Forms.Core.dll' foi encontrado em mais de uma pasta."
"Message",Normal,"file:///C:/Users/izaias/Desktop/ToktoTravel/ToktoTravel/ToktoTravel.UWP/obj/x86/Debug/ilc/intermediate/PreMergeILTransformed/Xamarin.Forms.Core.dll"
"Message",Normal,"C:\Users\izaias\Desktop\ToktoTravel\ToktoTravel\ToktoTravel.UWP\obj\x86\Debug\ilc\in\Xamarin.Forms.Core.dll"
"Message",Normal,"O assembly 'Xamarin.Forms.Platform.dll' foi encontrado em mais de uma pasta."
"Message",Normal,"file:///C:/Users/izaias/Desktop/ToktoTravel/ToktoTravel/ToktoTravel.UWP/obj/x86/Debug/ilc/in/Xamarin.Forms.Platform.dll"
"Message",Normal,"C:\Users\izaias\Desktop\ToktoTravel\ToktoTravel\ToktoTravel.UWP\obj\x86\Debug\ilc\in\Xamarin.Forms.Platform.dll"
"Message",Normal,"O assembly 'Xamarin.Forms.Platform.UAP.dll' foi encontrado em mais de uma pasta."
"Message",Normal,"file:///C:/Users/izaias/Desktop/ToktoTravel/ToktoTravel/ToktoTravel.UWP/obj/x86/Debug/ilc/in/Xamarin.Forms.Platform.UAP.dll"
"Message",Normal,"C:\Users\izaias\Desktop\ToktoTravel\ToktoTravel\ToktoTravel.UWP\obj\x86\Debug\ilc\in\Xamarin.Forms.Platform.UAP.dll"
"Message",Normal,"O assembly 'Xamarin.Forms.Xaml.dll' foi encontrado em mais de uma pasta."
"Message",Normal,"file:///C:/Users/izaias/Desktop/ToktoTravel/ToktoTravel/ToktoTravel.UWP/obj/x86/Debug/ilc/intermediate/PreMergeILTransformed/Xamarin.Forms.Xaml.dll"
"Message",Normal,"C:\Users\izaias\Desktop\ToktoTravel\ToktoTravel\ToktoTravel.UWP\obj\x86\Debug\ilc\in\Xamarin.Forms.Xaml.dll"
"Message",Normal,"O assembly 'ToktoTravel.UWP.exe' foi encontrado em mais de uma pasta."
"Message",Normal,"file:///C:/Users/izaias/Desktop/ToktoTravel/ToktoTravel/ToktoTravel.UWP/obj/x86/Debug/ilc/intermediate/PreMergeILTransformed/ToktoTravel.UWP.exe"
"Message",Normal,"C:\Users\izaias\Desktop\ToktoTravel\ToktoTravel\ToktoTravel.UWP\obj\x86\Debug\ilc\in\ToktoTravel.UWP.exe"
"Message",Normal,"O tipo 'System.DBNull' foi encontrado em mais de um assembly."
"Message",Normal,"file:///C:/Users/izaias/Desktop/ToktoTravel/ToktoTravel/ToktoTravel.UWP/obj/x86/Debug/ilc/in/System.Data.Common.dll"
"Message",Normal,"file:///C:/Program Files (x86)/Microsoft SDKs/UWPNuGetPackages/microsoft.net.native.compiler/1.7.3/tools/x86/ilc/lib/Private/System.Private.Reflection.Core.dll"
"Message",Normal,"O tipo 'System.Reflection.BindingFlags' foi encontrado em mais de um assembly."
"Message",Normal,"file:///C:/Users/izaias/Desktop/ToktoTravel/ToktoTravel/ToktoTravel.UWP/obj/x86/Debug/ilc/in/System.Reflection.TypeExtensions.dll"
"Message",Normal,"file:///C:/Program Files (x86)/Microsoft SDKs/UWPNuGetPackages/microsoft.net.native.compiler/1.7.3/tools/x86/ilc/lib/Private/System.Private.Reflection.dll"
"Message",High,"Generating System.Reflection.DispatchProxy proxy code."
"Message",Normal,"Running 'DumpNativeResources' transform, heap at 319 MB."
"Message",Normal,"Running 'ReducedCopyInitialize' transform, heap at 319 MB."
"Message",Normal,"Running 'ReducedCopyEmptyTypes' transform, heap at 351 MB."
"Message",Normal,"Running 'ReducedCopyPopulateTypes' transform, heap at 358 MB."
"Message",Normal,"Running 'ReducedCopyLateMetadata' transform, heap at 300 MB."
"Message",Normal,"Running 'ReducedCopyMethodBodies' transform, heap at 336 MB."
"Message",Normal,"Running 'ReducedCopyComplete' transform, heap at 350 MB."
"Message",Normal,"Running 'ReducedCopyCleanup' transform, heap at 384 MB."
"Message",Normal,"Running 'ComImportDetector' transform, heap at 384 MB."
"Message",Normal,"Running 'McgAccessor' transform, heap at 384 MB."
"Message",Normal,"Running 'McgRedirect' transform, heap at 387 MB."
"Message",Normal,"Running 'McgRedirect' transform, heap at 394 MB."
"Message",Normal,"Running 'McgTypeOf' transform, heap at 395 MB."
"Message",Normal,"Running 'EventSource' transform, heap at 407 MB."
"Message",Normal,"Running 'ValueType' transform, heap at 407 MB."
"Message",Normal,"Running 'Attribute' transform, heap at 407 MB."
"Message",Normal,"Running 'GetType' transform, heap at 408 MB."
"Message",Normal,"Running 'McgFixups' transform, heap at 409 MB."
"Message",Normal,"Running 'ResourceManagerCtor' transform, heap at 411 MB."
"Message",Normal,"Running 'ResourceExtractor' transform, heap at 411 MB."
"Message",Normal,"Running 'TypeofTypeHandle' transform, heap at 426 MB."
"Message",Normal,"Running 'DispatchProxyIntrinsics' transform, heap at 433 MB."
"Message",Normal,"Running 'StaticInitData' transform, heap at 433 MB."
"Message",Normal,"Running 'StartupCodeInjector' transform, heap at 454 MB."
"Message",Normal,"Running 'InjectAppContextSwitches' transform, heap at 454 MB."
"Message",Normal,"Running 'ImplementLibraryDynamicInvokeHelpers' transform, heap at 454 MB."
"Message",Normal,"Running 'Delegate' transform, heap at 454 MB."
"Message",Normal,"Running 'DelegateCtorCall' transform, heap at 391 MB."
"Message",Normal,"Running 'LazyGenerics' transform, heap at 395 MB."
"Message",Normal,"Running 'AddReflectionBlockedAttributes' transform, heap at 433 MB."
"Message",Normal,"Running 'DisableOptimization' transform, heap at 433 MB."
"Message",Normal,"Running 'CreateMetadata' transform, heap at 433 MB."
"Message",Normal,"Running 'SaveRVAStatics' transform, heap at 516 MB."
"Message",Normal,"Running 'ReflectionInvoke' transform, heap at 519 MB."
"Message",Normal,"Running 'ScrubOpenCalls' transform, heap at 523 MB."
"Message",Normal,"Running 'ConvertCatchIntoFilter' transform, heap at 524 MB."
"Message",Normal,"Running 'ReflectionMappingInfoEmit' transform, heap at 524 MB."
"Message",Normal,"Running 'ConvertManagedWinMD' transform, heap at 423 MB."
"Message",Normal,"Running 'Reducer' transform, heap at 423 MB."
"Message",High,"Cleaning up unreferenced code"
"Message",Normal,"Running 'WriteAssemblies' transform, heap at 585 MB."
"Message",Normal,""
"Message",Normal,"Transform summary"
"Message",Normal,"    ms | heap delta | name"
"Message",Normal," 14522 |        197 | Analysis"
"Message",Normal,"  9445 |          1 | GenerateCodeAndCompile"
"Message",Normal,"  8798 |       -339 | WriteAssemblies"
"Message",Normal,"  3983 |        162 | Reducer"
"Message",Normal,"  2351 |         36 | Mcg"
"Message",Normal,"  1320 |         83 | CreateMetadata"
"Message",Normal,"   812 |         14 | ReducedCopyMethodBodies"
"Message",Normal,"   547 |        -58 | ReducedCopyPopulateTypes"
"Message",Normal,"   503 |         32 | ReducedCopyInitialize"
"Message",Normal,"   399 |         34 | ReducedCopyComplete"
"Message",Normal,"   388 |          0 | DumpNativeResources"
"Message",Normal,"   372 |         15 | ResourceExtractor"
"Message",Normal,"   250 |       -101 | ReflectionMappingInfoEmit"
"Message",Normal,"   249 |         38 | LazyGenerics"
"Message",Normal,"   236 |         36 | ReducedCopyLateMetadata"
"Message",Normal,"   229 |          7 | McgRedirect"
"Message",Normal,"   190 |         21 | StaticInitData"
"Message",Normal,"   184 |        -63 | Delegate"
"Message",Normal,"   180 |         12 | McgTypeOf"
"Message",Normal,"   115 |          1 | McgRedirect"
"Message",Normal,"   107 |          7 | TypeofTypeHandle"
"Message",Normal,"    71 |          4 | DelegateCtorCall"
"Message",Normal,"    48 |          3 | SaveRVAStatics"
"Message",Normal,"    44 |          7 | ReducedCopyEmptyTypes"
"Message",Normal,"    24 |          1 | GetType"
"Message",Normal,"    23 |          3 | McgAccessor"
"Message",Normal,"    23 |          2 | McgFixups"
"Message",Normal,"    21 |          4 | ReflectionInvoke"
"Message",Normal,"    20 |          0 | DispatchProxyIntrinsics"
"Message",Normal,"    18 |          1 | ScrubOpenCalls"
"Message",Normal,"    10 |          0 | ReducedCopyCleanup"
"Message",Normal,"     8 |          0 | ConvertCatchIntoFilter"
"Message",Normal,"     4 |          0 | StartupCodeInjector"
"Message",Normal,"     4 |          0 | EventSource"
"Message",Normal,"     4 |          1 | Attribute"
"Message",Normal,"     3 |          0 | AddReflectionBlockedAttributes"
"Message",Normal,"     2 |          0 | ValueType"
"Message",Normal,"     1 |          0 | ResourceManagerCtor"
"Message",Normal,"     0 |          0 | ComImportDetector"
"Message",Normal,"     0 |          0 | InjectAppContextSwitches"
"Message",Normal,"     0 |          0 | ConvertManagedWinMD"
"Message",Normal,"     0 |          0 | ImplementLibraryDynamicInvokeHelpers"
"Message",Normal,"     0 |          0 | DisableOptimization"
"Message",Low,"Concluída a execução da tarefa ""RunILTransforms""."
"Message",Low,"Destino de compilação pronto ""RunILTransforms"" no arquivo ""ILTransforms""."
"Message",Low,"Projeto de compilação pronto ""ILTransforms""."
"Message",Low,""
"Message",Low,""
"Message",Low,"Destino de compilação pronto ""GenerateMDIL"" no arquivo ""Nutc""."
"Message",Low,""
"Message",High,"Gerando código nativo"
"Message",Low,"Destino de compilação pronto ""MDILPrepareMultiFile"" no arquivo ""Nutc""."
"Message",Low,""
"Message",Low,"Destino de compilação pronto ""SetBinaryForReferences"" no arquivo ""Nutc""."
"Message",Low,""
"Message",Low,"Tarefa ""GenerateMDILGlobalAnalysis"""
"Message",Normal,"Launching 'C:\Program Files (x86)\Microsoft SDKs\UWPNuGetPackages\microsoft.net.native.compiler\1.7.3\tools\x86\ilc\Tools\nutc_driver.exe @""C:\Users\izaias\Desktop\ToktoTravel\ToktoTravel\ToktoTravel.UWP\obj\x86\Debug\ilc\intermediate\MDIL\ToktoTravel.UWP.rsp""'"
"Message",Low,"Microsoft (R) MDIL Compiler - Version 1.7.25927.00"
"Message",Low,"Copyright (c) Microsoft Corporation.  All rights reserved."
"Message",Low,"Verificando tipos de entrada"
"Message",Low,"Geração de código adiantado"
"Message",Low,"Geração de código adiada"
"Message",Low,"Compilando 20425 métodos."
"Message",Low,"Compilando 6134 métodos."
"Message",Low,"Compilando 3546 métodos."
"Message",Low,"Compilando 2475 métodos."
"Message",Low,"Compilando 4405 métodos."
"Message",Low,"Compilando 3035 métodos."
"Message",Low,"Compilando 1166 métodos."
"Message",Low,"Compilando 1205 métodos."
"Message",Low,"Compilando 1020 métodos."
"Message",Low,"Compilando 1000 métodos."
"Message",Low,"Compilando 867 métodos."
"Message",Low,"Compilando 533 métodos."
"Message",Low,"Compilando 392 métodos."
"Message",Low,"Compilando 206 métodos."
"Message",Low,"Compilando 100 métodos."
"Message",Low,"Compilando 24 métodos."
"Message",Low,"Compilando 37 métodos."
"Message",Low,"Compilando 24 métodos."
"Message",Low,"Compilando 17 métodos."
"Message",Low,"Compilando 12 métodos."
"Message",Low,"Compilando 4 métodos."
"Message",Low,"Compilando 1 métodos."
"Message",Low,"'C:\Users\izaias\Desktop\ToktoTravel\ToktoTravel\ToktoTravel.UWP\obj\x86\Debug\ilc\intermediate\MDIL\ToktoTravel.UWP.mdilexe' gerado com sucesso"
"Message",Low,"'C:\Users\izaias\Desktop\ToktoTravel\ToktoTravel\ToktoTravel.UWP\obj\x86\Debug\ilc\intermediate\MDIL\ToktoTravel.UWP.mdilpdb' gerado com sucesso"
"Message",Normal,"'C:\Program Files (x86)\Microsoft SDKs\UWPNuGetPackages\microsoft.net.native.compiler\1.7.3\tools\x86\ilc\Tools\nutc_driver.exe @""C:\Users\izaias\Desktop\ToktoTravel\ToktoTravel\ToktoTravel.UWP\obj\x86\Debug\ilc\intermediate\MDIL\ToktoTravel.UWP.rsp""' completed."
"Message",Normal,"Process execution statistics (all times in milliseconds)"
"Message",Normal,"-----------------------------------------------------------------------------"
"Message",Normal,"launch  |  start   |   stop   |   end    | duration | lifetime | [slot] name"
"Message",Normal,"-----------------------------------------------------------------------------"
"Message",Normal,"       0 |        0 |    13390 |    13390 |    13390 |    13390 | [0] Nutc GlobalAnalysis"
"Message",Normal,"Number of commands:      1"
"Message",Normal,"Total system time:       13390 ms"
"Message",Normal,"System time per command: 13390 ms"
"Message",Normal,"Total duration:          13390 ms"
"Message",Normal,"Total lifetime:          13390 ms"
"Message",Normal,"Requested DOP:           4"
"Message",Normal,"Duration DOP:            1,0"
"Message",Normal,"Lifetime DOP:            1,0"
"Message",Low,"Concluída a execução da tarefa ""GenerateMDILGlobalAnalysis""."
"Message",Low,"Destino de compilação pronto ""GenerateMDILGlobalAnalysis"" no arquivo ""Nutc""."
"Message",Low,""
"Message",Low,"Tarefa ""rc"""
"Message",Normal,"Launching 'E:\Windows Kits\10\bin\10.0.16299.0\x64\rc.exe /c ""65001"" /r /fo ""C:\Users\izaias\Desktop\ToktoTravel\ToktoTravel\ToktoTravel.UWP\obj\x86\Debug\ilc\intermediate\BuildInfo\BuildInfo.res"" ""C:\Users\izaias\Desktop\ToktoTravel\ToktoTravel\ToktoTravel.UWP\obj\x86\Debug\ilc\intermediate\BuildInfo\BuildInfo.rc""'"
"Message",Low,"Microsoft (R) Windows (R) Resource Compiler Version 10.0.10011.16384"
"Message",Low,"Copyright (C) Microsoft Corporation.  All rights reserved."
"Message",Normal,"'E:\Windows Kits\10\bin\10.0.16299.0\x64\rc.exe /c ""65001"" /r /fo ""C:\Users\izaias\Desktop\ToktoTravel\ToktoTravel\ToktoTravel.UWP\obj\x86\Debug\ilc\intermediate\BuildInfo\BuildInfo.res"" ""C:\Users\izaias\Desktop\ToktoTravel\ToktoTravel\ToktoTravel.UWP\obj\x86\Debug\ilc\intermediate\BuildInfo\BuildInfo.rc""' completed."
"Message",Normal,"Process execution statistics (all times in milliseconds)"
"Message",Normal,"-----------------------------------------------------------------------------"
"Message",Normal,"launch  |  start   |   stop   |   end    | duration | lifetime | [slot] name"
"Message",Normal,"-----------------------------------------------------------------------------"
"Message",Normal,"       0 |       16 |       47 |       47 |       31 |       47 | [0] rc"
"Message",Normal,"Number of commands:      1"
"Message",Normal,"Total system time:       47 ms"
"Message",Normal,"System time per command: 47 ms"
"Message",Normal,"Total duration:          31 ms"
"Message",Normal,"Total lifetime:          47 ms"
"Message",Normal,"Requested DOP:           4"
"Message",Normal,"Duration DOP:            0,7"
"Message",Normal,"Lifetime DOP:            1,0"
"Message",Low,"Concluída a execução da tarefa ""rc""."
"Message",Low,"Tarefa ""ResourceBinaryConcatenate"""
"Message",Normal,"Concatenating into 'C:\Users\izaias\Desktop\ToktoTravel\ToktoTravel\ToktoTravel.UWP\obj\x86\Debug\ilc\intermediate\Native.res' with alignment '4'."
"Message",Normal," Added 'C:\Users\izaias\Desktop\ToktoTravel\ToktoTravel\ToktoTravel.UWP\obj\x86\Debug\ilc\intermediate\ILTransformed\ToktoTravel.UWP.res' at offset 0."
"Message",Normal," Added 'C:\Users\izaias\Desktop\ToktoTravel\ToktoTravel\ToktoTravel.UWP\obj\x86\Debug\ilc\intermediate\BuildInfo\BuildInfo.res' at offset 1432."
"Message",Low,"Concluída a execução da tarefa ""ResourceBinaryConcatenate""."
"Message",Low,"Destino de compilação pronto ""GenerateBuildInfo"" no arquivo ""Nutc""."
"Message",Low,"Projeto de compilação pronto ""Nutc""."
"Message",Low,""
"Message",Low,""
"Message",Low,"Destino de compilação pronto ""MDILBindPrepare"" no arquivo ""Binder""."
"Message",Low,""
"Message",High,"Gerando correções para código nativo"
"Message",Low,"Tarefa ""MDILBind"""
"Message",Normal,"Launching 'C:\Program Files (x86)\Microsoft SDKs\UWPNuGetPackages\microsoft.net.native.compiler\1.7.3\tools\x86\ilc\Tools\rhbind.exe @""C:\Users\izaias\Desktop\ToktoTravel\ToktoTravel\ToktoTravel.UWP\obj\x86\Debug\ilc\intermediate\rhbindargs.ToktoTravel.UWP.rsp""'"
"Message",Low,"VERSÃO DO SISTEMA OPERACIONAL: maior: 6  menor: 2"
"Message",Low,"MDIL: C:\Users\izaias\Desktop\ToktoTravel\ToktoTravel\ToktoTravel.UWP\obj\x86\Debug\ilc\intermediate\MDIL\ToktoTravel.UWP.mdilexe"
"Message",Low,"MDILPDB: C:\Users\izaias\Desktop\ToktoTravel\ToktoTravel\ToktoTravel.UWP\obj\x86\Debug\ilc\intermediate\MDIL\ToktoTravel.UWP.mdilpdb"
"Message",Low,"IL: C:\Users\izaias\Desktop\ToktoTravel\ToktoTravel\ToktoTravel.UWP\obj\x86\Debug\ilc\intermediate\MDIL\ToktoTravel.UWP.ilexe"
"Message",Low,"NI: C:\Users\izaias\Desktop\ToktoTravel\ToktoTravel\ToktoTravel.UWP\obj\x86\Debug\ilc\intermediate\Native\ToktoTravel.UWP.dll"
"Message",Low,"SHIM: C:\Users\izaias\Desktop\ToktoTravel\ToktoTravel\ToktoTravel.UWP\obj\x86\Debug\ilc\intermediate\Native\ToktoTravel.UWP.exe"
"Message",Low,"REDHAWK_RUNTIME_DLL_NAME_A=mrt100_app.dll"
"Message",Low,"pdb: C:\Users\izaias\Desktop\ToktoTravel\ToktoTravel\ToktoTravel.UWP\obj\x86\Debug\ilc\intermediate\Native\ToktoTravel.UWP.pdb"
"Message",Low,"Produzido C:\Users\izaias\Desktop\ToktoTravel\ToktoTravel\ToktoTravel.UWP\obj\x86\Debug\ilc\intermediate\Native\ToktoTravel.UWP.dll em 4.145 segundos"
"Message",Normal,"'C:\Program Files (x86)\Microsoft SDKs\UWPNuGetPackages\microsoft.net.native.compiler\1.7.3\tools\x86\ilc\Tools\rhbind.exe @""C:\Users\izaias\Desktop\ToktoTravel\ToktoTravel\ToktoTravel.UWP\obj\x86\Debug\ilc\intermediate\rhbindargs.ToktoTravel.UWP.rsp""' completed."
"Message",Normal,"Process execution statistics (all times in milliseconds)"
"Message",Normal,"-----------------------------------------------------------------------------"
"Message",Normal,"launch  |  start   |   stop   |   end    | duration | lifetime | [slot] name"
"Message",Normal,"-----------------------------------------------------------------------------"
"Message",Normal,"       0 |        0 |     4187 |     4187 |     4187 |     4187 | [0] rhbind ToktoTravel.UWP"
"Message",Normal,"Number of commands:      1"
"Message",Normal,"Total system time:       4187 ms"
"Message",Normal,"System time per command: 4187 ms"
"Message",Normal,"Total duration:          4187 ms"
"Message",Normal,"Total lifetime:          4187 ms"
"Message",Normal,"Requested DOP:           4"
"Message",Normal,"Duration DOP:            1,0"
"Message",Normal,"Lifetime DOP:            1,0"
"Message",Low,"Concluída a execução da tarefa ""MDILBind""."
"Message",Low,"Destino de compilação pronto ""MDILBind"" no arquivo ""Binder""."
"Message",Low,"Projeto de compilação pronto ""Binder""."
"Message",Low,""
"Message",Low,""
"Message",Low,"Destino de compilação pronto ""CopyNativeExecutablesToOutput"" no arquivo ""Deployment""."
"Message",Low,""
"Message",Low,"Destino de compilação pronto ""CopyExtractedResourcesToOutput"" no arquivo ""Deployment""."
"Message",Low,""
"Message",Low,"Tarefa ""TransformAppxManifest"""
"Message",Low,"Concluída a execução da tarefa ""TransformAppxManifest""."
"Message",Low,"Destino de compilação pronto ""TransformAppxManifestAndAddCrt"" no arquivo ""Deployment""."
"Message",Low,""
"Message",Low,"Tarefa ""MakePri"""
"Message",Normal,"Launching 'E:\Windows Kits\10\bin\10.0.16299.0\x64\MakePri.exe dump /if ""C:\Users\izaias\Desktop\ToktoTravel\ToktoTravel\ToktoTravel.UWP\obj\x86\Debug\ilc\in\resources.pri"" /of ""C:\Users\izaias\Desktop\ToktoTravel\ToktoTravel\ToktoTravel.UWP\obj\x86\Debug\ilc\intermediate\OriginalPriDumpFile.xml"" /dt Detailed /o'"
"Message",Low,"O u t p u t   F i l e   a t   C : \ U s e r s \ i z a i a s \ D e s k t o p \ T o k t o T r a v e l \ T o k t o T r a v e l \ T o k t o T r a v e l . U W P \ o b j \ x 8 6 \ D e b u g \ i l c \ i n t e r m e d i a t e \ O r i g i n a l P r i D u m p F i l e . x m l "
"Message",Low," "
"Message",Low," S u c c e s s f u l l y   C o m p l e t e d "
"Message",Low," "
"Message",Low," "
"Message",Normal,"'E:\Windows Kits\10\bin\10.0.16299.0\x64\MakePri.exe dump /if ""C:\Users\izaias\Desktop\ToktoTravel\ToktoTravel\ToktoTravel.UWP\obj\x86\Debug\ilc\in\resources.pri"" /of ""C:\Users\izaias\Desktop\ToktoTravel\ToktoTravel\ToktoTravel.UWP\obj\x86\Debug\ilc\intermediate\OriginalPriDumpFile.xml"" /dt Detailed /o' completed."
"Message",Normal,"Process execution statistics (all times in milliseconds)"
"Message",Normal,"-----------------------------------------------------------------------------"
"Message",Normal,"launch  |  start   |   stop   |   end    | duration | lifetime | [slot] name"
"Message",Normal,"-----------------------------------------------------------------------------"
"Message",Normal,"       0 |        0 |     1281 |     1281 |     1281 |     1281 | [0] MakePri"
"Message",Normal,"Number of commands:      1"
"Message",Normal,"Total system time:       1281 ms"
"Message",Normal,"System time per command: 1281 ms"
"Message",Normal,"Total duration:          1281 ms"
"Message",Normal,"Total lifetime:          1281 ms"
"Message",Normal,"Requested DOP:           4"
"Message",Normal,"Duration DOP:            1,0"
"Message",Normal,"Lifetime DOP:            1,0"
"Message",Low,"Concluída a execução da tarefa ""MakePri""."
"Message",Low,"Tarefa ""GetPriTargetVersionAndLanguage"""
"Message",Low,"Concluída a execução da tarefa ""GetPriTargetVersionAndLanguage""."
"Message",Low,"Tarefa ""MakePri"""
"Message",Normal,"Launching 'E:\Windows Kits\10\bin\10.0.16299.0\x64\MakePri.exe createconfig /o /cf ""C:\Users\izaias\Desktop\ToktoTravel\ToktoTravel\ToktoTravel.UWP\obj\x86\Debug\ilc\intermediate\GeneratedPriConif.xml"" /pv ""10.0.0"" /dq ""en""'"
"Message",Low,"W r i t i n g   P R I   c o n f i g   f i l e   t o   C : \ U s e r s \ i z a i a s \ D e s k t o p \ T o k t o T r a v e l \ T o k t o T r a v e l \ T o k t o T r a v e l . U W P \ o b j \ x 8 6 \ D e b u g \ i l c \ i n t e r m e d i a t e \ G e n e r a t e d P r i C o n i f . x m l   . . . "
"Message",Low," "
"Message",Low," S u c c e s s f u l l y   C o m p l e t e d "
"Message",Low," "
"Message",Low," "
"Message",Normal,"'E:\Windows Kits\10\bin\10.0.16299.0\x64\MakePri.exe createconfig /o /cf ""C:\Users\izaias\Desktop\ToktoTravel\ToktoTravel\ToktoTravel.UWP\obj\x86\Debug\ilc\intermediate\GeneratedPriConif.xml"" /pv ""10.0.0"" /dq ""en""' completed."
"Message",Normal,"Process execution statistics (all times in milliseconds)"
"Message",Normal,"-----------------------------------------------------------------------------"
"Message",Normal,"launch  |  start   |   stop   |   end    | duration | lifetime | [slot] name"
"Message",Normal,"-----------------------------------------------------------------------------"
"Message",Normal,"       0 |        0 |       78 |       78 |       78 |       78 | [0] MakePri"
"Message",Normal,"Number of commands:      1"
"Message",Normal,"Total system time:       78 ms"
"Message",Normal,"System time per command: 78 ms"
"Message",Normal,"Total duration:          78 ms"
"Message",Normal,"Total lifetime:          78 ms"
"Message",Normal,"Requested DOP:           4"
"Message",Normal,"Duration DOP:            1,0"
"Message",Normal,"Lifetime DOP:            1,0"
"Message",Low,"Concluída a execução da tarefa ""MakePri""."
"Message",Low,"Tarefa ""ModifyPriConfigFile"""
"Message",Low,"Concluída a execução da tarefa ""ModifyPriConfigFile""."
"Message",Low,"Tarefa ""MakePri"""
"Message",Normal,"Launching 'E:\Windows Kits\10\bin\10.0.16299.0\x64\MakePri.exe versioned /pr ""C:\Users\izaias\Desktop\ToktoTravel\ToktoTravel\ToktoTravel.UWP\obj\x86\Debug\ilc\intermediate"" /cf ""C:\Users\izaias\Desktop\ToktoTravel\ToktoTravel\ToktoTravel.UWP\obj\x86\Debug\ilc\intermediate\PriConfig.xml"" /of ""C:\Users\izaias\Desktop\ToktoTravel\ToktoTravel\ToktoTravel.UWP\obj\x86\Debug\ilc\intermediate\resources.pri"" /o /if ""C:\Users\izaias\Desktop\ToktoTravel\ToktoTravel\ToktoTravel.UWP\obj\x86\Debug\ilc\in\resources.pri""'"
"Message",Low,"I n d e x   P a s s   C o m p l e t e d :   C : \ U s e r s \ i z a i a s \ D e s k t o p \ T o k t o T r a v e l \ T o k t o T r a v e l \ T o k t o T r a v e l . U W P \ o b j \ x 8 6 \ D e b u g \ i l c \ i n t e r m e d i a t e \ f i l e l i s t . r e s f i l e s "
"Message",Low," "
"Message",Low," A l t e r n a t e F o r m   Q u a l i f i e r s :   U N P L A T E D "
"Message",Low," "
"Message",Low," S c a l e   Q u a l i f i e r s :   2 0 0 , 4 0 0 , 1 5 0 , 1 2 5 , 1 0 0 "
"Message",Low," "
"Message",Low," T a r g e t S i z e   Q u a l i f i e r s :   2 5 6 , 1 6 , 2 4 , 3 2 , 4 8 "
"Message",Low," "
"Message",Low," "
"Message",Low," "
"Message",Low," I n d e x   P a s s   C o m p l e t e d :   C : \ U s e r s \ i z a i a s \ D e s k t o p \ T o k t o T r a v e l \ T o k t o T r a v e l \ T o k t o T r a v e l . U W P \ o b j \ x 8 6 \ D e b u g \ i l c \ i n t e r m e d i a t e \ R e s W f i l e l i s t . r e s f i l e s "
"Message",Low," "
"Message",Low," "
"Message",Low," "
"Message",Low," F i n i s h e d   b u i l d i n g "
"Message",Low," "
"Message",Low," V e r s i o n :   1 . 1 "
"Message",Low," "
"Message",Low," R e s o u r c e   M a p   N a m e :   2 9 5 6 b b a 6 - c a 4 f - 4 4 6 6 - b 5 7 4 - 6 e 7 1 c d a 3 f b 3 0 "
"Message",Low," "
"Message",Low," N a m e d   R e s o u r c e s :   6 4 4 9 "
"Message",Low," "
"Message",Low," R e s o u r c e   C a n d i d a t e s :   6 4 9 1 "
"Message",Low," "
"Message",Low," S u c c e s s f u l l y   C o m p l e t e d "
"Message",Low," "
"Message",Low," "
"Message",Normal,"'E:\Windows Kits\10\bin\10.0.16299.0\x64\MakePri.exe versioned /pr ""C:\Users\izaias\Desktop\ToktoTravel\ToktoTravel\ToktoTravel.UWP\obj\x86\Debug\ilc\intermediate"" /cf ""C:\Users\izaias\Desktop\ToktoTravel\ToktoTravel\ToktoTravel.UWP\obj\x86\Debug\ilc\intermediate\PriConfig.xml"" /of ""C:\Users\izaias\Desktop\ToktoTravel\ToktoTravel\ToktoTravel.UWP\obj\x86\Debug\ilc\intermediate\resources.pri"" /o /if ""C:\Users\izaias\Desktop\ToktoTravel\ToktoTravel\ToktoTravel.UWP\obj\x86\Debug\ilc\in\resources.pri""' completed."
"Message",Normal,"Process execution statistics (all times in milliseconds)"
"Message",Normal,"-----------------------------------------------------------------------------"
"Message",Normal,"launch  |  start   |   stop   |   end    | duration | lifetime | [slot] name"
"Message",Normal,"-----------------------------------------------------------------------------"
"Message",Normal,"       0 |        0 |      734 |      734 |      734 |      734 | [0] MakePri"
"Message",Normal,"Number of commands:      1"
"Message",Normal,"Total system time:       734 ms"
"Message",Normal,"System time per command: 734 ms"
"Message",Normal,"Total duration:          734 ms"
"Message",Normal,"Total lifetime:          734 ms"
"Message",Normal,"Requested DOP:           4"
"Message",Normal,"Duration DOP:            1,0"
"Message",Normal,"Lifetime DOP:            1,0"
"Message",Low,"Concluída a execução da tarefa ""MakePri""."
"Message",Low,"Destino de compilação pronto ""MergeFrameworkReswFilesWithTheAppPriFile"" no arquivo ""Deployment""."
"Message",Low,"Projeto de compilação pronto ""Deployment""."
"Message",Low,"Compilação concluída"
